"ANOVA"	"ANOVA"	"ANOVA"	"ANALYSIS_METHOD"	"169280"	"0"
"F_TEST"	"F-test"	"F-test"	"ANALYSIS_METHOD"	"169281"	"0"
"KOLMOGOROV-SMIRNOV"	"Kolmogorov-Smirnov"	"Kolmogorov-Smirnov"	"ANALYSIS_METHOD"	"169282"	"0"
"KRUSKAL-WALLIS"	"Kruskal-Wallis"	"Kruskal-Wallis"	"ANALYSIS_METHOD"	"169283"	"0"
"PAIRED_T_TEST"	"Paired T-test"	"Paired T-test"	"ANALYSIS_METHOD"	"169284"	"0"
"SAM"	"SAM"	"SAM"	"ANALYSIS_METHOD"	"169285"	"0"
"UNPAIRED_T_TEST"	"Unpaired T-test"	"Unpaired T-test"	"ANALYSIS_METHOD"	"169286"	"0"
"WILCOXON_MAN-WHITNEY"	"Wilcoxon / Mann-Whitney"	"Wilcoxon / Mann-Whitney"	"ANALYSIS_METHOD"	"169287"	"0"
"CLASSIFICATION"	"Classification"	"Distinguishing sample categories "	"ANALYTIC_CATEGORY"	"169288"	"0"
"CLUSTERING"	"Clustering"	"Grouping similar expression behavior"	"ANALYTIC_CATEGORY"	"169289"	"0"
"CORRELATION"	"Correlation"	"Indicating similar underlying regulation"	"ANALYTIC_CATEGORY"	"169290"	"0"
"DIFFERENTIAL"	"Differential Expression"	"Comparative study"	"ANALYTIC_CATEGORY"	"169291"	"0"
"DNA"	"DNA"	"DNA"	"ASSAY_TYPE_OF_BM_STUDIED"	"169329"	"0"
"RNA"	"RNA"	"RNA"	"ASSAY_TYPE_OF_BM_STUDIED"	"169330"	"0"
"PROTEIN"	"Protein"	"Protein"	"ASSAY_TYPE_OF_BM_STUDIED"	"169331"	"0"
"OTHER"	"Other"	"Other"	"ASSAY_TYPE_OF_BM_STUDIED"	"169332"	"0"
"NOT_APPLICABLE"	"Not applicable"	"Not applicable"	"ASSAY_TYPE_OF_BM_STUDIED"	"169333"	"0"
"ANDORRA"	"ANDORRA"	"ANDORRA"	"COUNTRY"	"169334"	"0"
"UNITED_ARAB_EMIRATES"	"UNITED ARAB EMIRATES"	"UNITED ARAB EMIRATES"	"COUNTRY"	"169335"	"0"
"AFGHANISTAN"	"AFGHANISTAN"	"AFGHANISTAN"	"COUNTRY"	"169336"	"0"
"ANTIGUA_AND_BARBUDA"	"ANTIGUA AND BARBUDA"	"ANTIGUA AND BARBUDA"	"COUNTRY"	"169337"	"0"
"ANGUILLA"	"ANGUILLA"	"ANGUILLA"	"COUNTRY"	"169338"	"0"
"ALBANIA"	"ALBANIA"	"ALBANIA"	"COUNTRY"	"169339"	"0"
"ARMENIA"	"ARMENIA"	"ARMENIA"	"COUNTRY"	"169340"	"0"
"NETHERLANDS_ANTILLES"	"NETHERLANDS ANTILLES"	"NETHERLANDS ANTILLES"	"COUNTRY"	"169341"	"0"
"ANGOLA"	"ANGOLA"	"ANGOLA"	"COUNTRY"	"169342"	"0"
"ANTARCTICA"	"ANTARCTICA"	"ANTARCTICA"	"COUNTRY"	"169343"	"0"
"ARGENTINA"	"ARGENTINA"	"ARGENTINA"	"COUNTRY"	"169344"	"0"
"AMERICAN_SAMOA"	"AMERICAN SAMOA"	"AMERICAN SAMOA"	"COUNTRY"	"169345"	"0"
"AUSTRIA"	"AUSTRIA"	"AUSTRIA"	"COUNTRY"	"169346"	"0"
"AUSTRALIA"	"AUSTRALIA"	"AUSTRALIA"	"COUNTRY"	"169347"	"0"
"ARUBA"	"ARUBA"	"ARUBA"	"COUNTRY"	"169348"	"0"
"ALAND_ISLANDS"	"ALAND ISLANDS"	"ALAND ISLANDS"	"COUNTRY"	"169349"	"0"
"AZERBAIJAN"	"AZERBAIJAN"	"AZERBAIJAN"	"COUNTRY"	"169350"	"0"
"BOSNIA_AND_HERZEGOVINA"	"BOSNIA AND HERZEGOVINA"	"BOSNIA AND HERZEGOVINA"	"COUNTRY"	"169351"	"0"
"BARBADOS"	"BARBADOS"	"BARBADOS"	"COUNTRY"	"169352"	"0"
"BANGLADESH"	"BANGLADESH"	"BANGLADESH"	"COUNTRY"	"169353"	"0"
"BELGIUM"	"BELGIUM"	"BELGIUM"	"COUNTRY"	"169354"	"0"
"BURKINA_FASO"	"BURKINA FASO"	"BURKINA FASO"	"COUNTRY"	"169355"	"0"
"BULGARIA"	"BULGARIA"	"BULGARIA"	"COUNTRY"	"169356"	"0"
"BAHRAIN"	"BAHRAIN"	"BAHRAIN"	"COUNTRY"	"169357"	"0"
"BURUNDI"	"BURUNDI"	"BURUNDI"	"COUNTRY"	"169358"	"0"
"BENIN"	"BENIN"	"BENIN"	"COUNTRY"	"169359"	"0"
"BERMUDA"	"BERMUDA"	"BERMUDA"	"COUNTRY"	"169360"	"0"
"BRUNEI_DARUSSALAM"	"BRUNEI DARUSSALAM"	"BRUNEI DARUSSALAM"	"COUNTRY"	"169361"	"0"
"BOLIVIA"	"BOLIVIA"	"BOLIVIA"	"COUNTRY"	"169362"	"0"
"BRAZIL"	"BRAZIL"	"BRAZIL"	"COUNTRY"	"169363"	"0"
"BAHAMAS"	"BAHAMAS"	"BAHAMAS"	"COUNTRY"	"169364"	"0"
"BHUTAN"	"BHUTAN"	"BHUTAN"	"COUNTRY"	"169365"	"0"
"BOUVET_ISLAND"	"BOUVET ISLAND"	"BOUVET ISLAND"	"COUNTRY"	"169366"	"0"
"BOTSWANA"	"BOTSWANA"	"BOTSWANA"	"COUNTRY"	"169367"	"0"
"BELARUS"	"BELARUS"	"BELARUS"	"COUNTRY"	"169368"	"0"
"BELIZE"	"BELIZE"	"BELIZE"	"COUNTRY"	"169369"	"0"
"CANADA"	"CANADA"	"CANADA"	"COUNTRY"	"169370"	"0"
"COCOS_KEELING_ISLANDS"	"COCOS (KEELING) ISLANDS"	"COCOS (KEELING) ISLANDS"	"COUNTRY"	"169371"	"0"
"CONGO_THE_DEMOCRATIC_REPUBLIC_OF_THE"	"CONGO THE DEMOCRATIC REPUBLIC OF THE"	"CONGO THE DEMOCRATIC REPUBLIC OF THE"	"COUNTRY"	"169372"	"0"
"CENTRAL_AFRICAN_REPUBLIC"	"CENTRAL AFRICAN REPUBLIC"	"CENTRAL AFRICAN REPUBLIC"	"COUNTRY"	"169373"	"0"
"CONGO"	"CONGO"	"CONGO"	"COUNTRY"	"169374"	"0"
"SWITZERLAND"	"SWITZERLAND"	"SWITZERLAND"	"COUNTRY"	"169375"	"0"
"COTE_D'IVOIRE"	"COTE D'IVOIRE"	"COTE D'IVOIRE"	"COUNTRY"	"169376"	"0"
"COOK_ISLANDS"	"COOK ISLANDS"	"COOK ISLANDS"	"COUNTRY"	"169377"	"0"
"CHILE"	"CHILE"	"CHILE"	"COUNTRY"	"169378"	"0"
"CAMEROON"	"CAMEROON"	"CAMEROON"	"COUNTRY"	"169379"	"0"
"CHINA"	"CHINA"	"CHINA"	"COUNTRY"	"169380"	"0"
"COLOMBIA"	"COLOMBIA"	"COLOMBIA"	"COUNTRY"	"169381"	"0"
"COSTA_RICA"	"COSTA RICA"	"COSTA RICA"	"COUNTRY"	"169382"	"0"
"CUBA"	"CUBA"	"CUBA"	"COUNTRY"	"169383"	"0"
"CAPE_VERDE"	"CAPE VERDE"	"CAPE VERDE"	"COUNTRY"	"169384"	"0"
"CHRISTMAS_ISLAND"	"CHRISTMAS ISLAND"	"CHRISTMAS ISLAND"	"COUNTRY"	"169385"	"0"
"CYPRUS"	"CYPRUS"	"CYPRUS"	"COUNTRY"	"169386"	"0"
"CZECH_REPUBLIC"	"CZECH REPUBLIC"	"CZECH REPUBLIC"	"COUNTRY"	"169387"	"0"
"GERMANY"	"GERMANY"	"GERMANY"	"COUNTRY"	"169388"	"0"
"DJIBOUTI"	"DJIBOUTI"	"DJIBOUTI"	"COUNTRY"	"169389"	"0"
"DENMARK"	"DENMARK"	"DENMARK"	"COUNTRY"	"169390"	"0"
"DOMINICA"	"DOMINICA"	"DOMINICA"	"COUNTRY"	"169391"	"0"
"DOMINICAN_REPUBLIC"	"DOMINICAN REPUBLIC"	"DOMINICAN REPUBLIC"	"COUNTRY"	"169392"	"0"
"ALGERIA"	"ALGERIA"	"ALGERIA"	"COUNTRY"	"169393"	"0"
"ECUADOR"	"ECUADOR"	"ECUADOR"	"COUNTRY"	"169394"	"0"
"ESTONIA"	"ESTONIA"	"ESTONIA"	"COUNTRY"	"169395"	"0"
"EGYPT"	"EGYPT"	"EGYPT"	"COUNTRY"	"169396"	"0"
"WESTERN_SAHARA"	"WESTERN SAHARA"	"WESTERN SAHARA"	"COUNTRY"	"169397"	"0"
"ERITREA"	"ERITREA"	"ERITREA"	"COUNTRY"	"169398"	"0"
"SPAIN"	"SPAIN"	"SPAIN"	"COUNTRY"	"169399"	"0"
"ETHIOPIA"	"ETHIOPIA"	"ETHIOPIA"	"COUNTRY"	"169400"	"0"
"FINLAND"	"FINLAND"	"FINLAND"	"COUNTRY"	"169401"	"0"
"FIJI"	"FIJI"	"FIJI"	"COUNTRY"	"169402"	"0"
"FALKLAND_ISLANDS_MALVINAS"	"FALKLAND ISLANDS (MALVINAS)"	"FALKLAND ISLANDS (MALVINAS)"	"COUNTRY"	"169403"	"0"
"MICRONESIA_FEDERATED_STATES_OF"	"MICRONESIA FEDERATED STATES OF"	"MICRONESIA FEDERATED STATES OF"	"COUNTRY"	"169404"	"0"
"FAROE_ISLANDS"	"FAROE ISLANDS"	"FAROE ISLANDS"	"COUNTRY"	"169405"	"0"
"FRANCE"	"FRANCE"	"FRANCE"	"COUNTRY"	"169406"	"0"
"GABON"	"GABON"	"GABON"	"COUNTRY"	"169407"	"0"
"UNITED_KINGDOM"	"UNITED KINGDOM"	"UNITED KINGDOM"	"COUNTRY"	"169408"	"0"
"GRENADA"	"GRENADA"	"GRENADA"	"COUNTRY"	"169409"	"0"
"GEORGIA"	"GEORGIA"	"GEORGIA"	"COUNTRY"	"169410"	"0"
"FRENCH_GUIANA"	"FRENCH GUIANA"	"FRENCH GUIANA"	"COUNTRY"	"169411"	"0"
"GUERNSEY"	"GUERNSEY"	"GUERNSEY"	"COUNTRY"	"169412"	"0"
"GHANA"	"GHANA"	"GHANA"	"COUNTRY"	"169413"	"0"
"GIBRALTAR"	"GIBRALTAR"	"GIBRALTAR"	"COUNTRY"	"169414"	"0"
"GREENLAND"	"GREENLAND"	"GREENLAND"	"COUNTRY"	"169415"	"0"
"GAMBIA"	"GAMBIA"	"GAMBIA"	"COUNTRY"	"169416"	"0"
"GUINEA"	"GUINEA"	"GUINEA"	"COUNTRY"	"169417"	"0"
"GUADELOUPE"	"GUADELOUPE"	"GUADELOUPE"	"COUNTRY"	"169418"	"0"
"EQUATORIAL_GUINEA"	"EQUATORIAL GUINEA"	"EQUATORIAL GUINEA"	"COUNTRY"	"169419"	"0"
"GREECE"	"GREECE"	"GREECE"	"COUNTRY"	"169420"	"0"
"SOUTH_GEORGIA_AND_THE_SOUTH_SANDWICH_ISLANDS"	"SOUTH GEORGIA AND THE SOUTH SANDWICH ISLANDS"	"SOUTH GEORGIA AND THE SOUTH SANDWICH ISLANDS"	"COUNTRY"	"169421"	"0"
"GUATEMALA"	"GUATEMALA"	"GUATEMALA"	"COUNTRY"	"169422"	"0"
"GUAM"	"GUAM"	"GUAM"	"COUNTRY"	"169423"	"0"
"GUINEA-BISSAU"	"GUINEA-BISSAU"	"GUINEA-BISSAU"	"COUNTRY"	"169424"	"0"
"GUYANA"	"GUYANA"	"GUYANA"	"COUNTRY"	"169425"	"0"
"HONG_KONG"	"HONG KONG"	"HONG KONG"	"COUNTRY"	"169426"	"0"
"HEARD_ISLAND_AND_MCDONALD_ISLANDS"	"HEARD ISLAND AND MCDONALD ISLANDS"	"HEARD ISLAND AND MCDONALD ISLANDS"	"COUNTRY"	"169427"	"0"
"HONDURAS"	"HONDURAS"	"HONDURAS"	"COUNTRY"	"169428"	"0"
"CROATIA"	"CROATIA"	"CROATIA"	"COUNTRY"	"169429"	"0"
"HAITI"	"HAITI"	"HAITI"	"COUNTRY"	"169430"	"0"
"HUNGARY"	"HUNGARY"	"HUNGARY"	"COUNTRY"	"169431"	"0"
"INDONESIA"	"INDONESIA"	"INDONESIA"	"COUNTRY"	"169432"	"0"
"IRELAND"	"IRELAND"	"IRELAND"	"COUNTRY"	"169433"	"0"
"ISRAEL"	"ISRAEL"	"ISRAEL"	"COUNTRY"	"169434"	"0"
"ISLE_OF_MAN"	"ISLE OF MAN"	"ISLE OF MAN"	"COUNTRY"	"169435"	"0"
"INDIA"	"INDIA"	"INDIA"	"COUNTRY"	"169436"	"0"
"BRITISH_INDIAN_OCEAN_TERRITORY"	"BRITISH INDIAN OCEAN TERRITORY"	"BRITISH INDIAN OCEAN TERRITORY"	"COUNTRY"	"169437"	"0"
"IRAQ"	"IRAQ"	"IRAQ"	"COUNTRY"	"169438"	"0"
"IRAN_ISLAMIC_REPUBLIC_OF"	"IRAN ISLAMIC REPUBLIC OF"	"IRAN ISLAMIC REPUBLIC OF"	"COUNTRY"	"169439"	"0"
"ICELAND"	"ICELAND"	"ICELAND"	"COUNTRY"	"169440"	"0"
"ITALY"	"ITALY"	"ITALY"	"COUNTRY"	"169441"	"0"
"JERSEY"	"JERSEY"	"JERSEY"	"COUNTRY"	"169442"	"0"
"JAMAICA"	"JAMAICA"	"JAMAICA"	"COUNTRY"	"169443"	"0"
"JORDAN"	"JORDAN"	"JORDAN"	"COUNTRY"	"169444"	"0"
"JAPAN"	"JAPAN"	"JAPAN"	"COUNTRY"	"169445"	"0"
"KENYA"	"KENYA"	"KENYA"	"COUNTRY"	"169446"	"0"
"KYRGYZSTAN"	"KYRGYZSTAN"	"KYRGYZSTAN"	"COUNTRY"	"169447"	"0"
"CAMBODIA"	"CAMBODIA"	"CAMBODIA"	"COUNTRY"	"169448"	"0"
"KIRIBATI"	"KIRIBATI"	"KIRIBATI"	"COUNTRY"	"169449"	"0"
"COMOROS"	"COMOROS"	"COMOROS"	"COUNTRY"	"169450"	"0"
"SAINT_KITTS_AND_NEVIS"	"SAINT KITTS AND NEVIS"	"SAINT KITTS AND NEVIS"	"COUNTRY"	"169451"	"0"
"KOREA_DEMOCRATIC_PEOPLE'S_REPUBLIC_OF"	"KOREA DEMOCRATIC PEOPLE'S REPUBLIC OF"	"KOREA DEMOCRATIC PEOPLE'S REPUBLIC OF"	"COUNTRY"	"169452"	"0"
"KOREA_REPUBLIC_OF"	"KOREA REPUBLIC OF"	"KOREA REPUBLIC OF"	"COUNTRY"	"169453"	"0"
"KUWAIT"	"KUWAIT"	"KUWAIT"	"COUNTRY"	"169454"	"0"
"CAYMAN_ISLANDS"	"CAYMAN ISLANDS"	"CAYMAN ISLANDS"	"COUNTRY"	"169455"	"0"
"KAZAKHSTAN"	"KAZAKHSTAN"	"KAZAKHSTAN"	"COUNTRY"	"169456"	"0"
"LAO_PEOPLE'S_DEMOCRATIC_REPUBLIC"	"LAO PEOPLE'S DEMOCRATIC REPUBLIC"	"LAO PEOPLE'S DEMOCRATIC REPUBLIC"	"COUNTRY"	"169457"	"0"
"LEBANON"	"LEBANON"	"LEBANON"	"COUNTRY"	"169458"	"0"
"SAINT_LUCIA"	"SAINT LUCIA"	"SAINT LUCIA"	"COUNTRY"	"169459"	"0"
"LIECHTENSTEIN"	"LIECHTENSTEIN"	"LIECHTENSTEIN"	"COUNTRY"	"169460"	"0"
"SRI_LANKA"	"SRI LANKA"	"SRI LANKA"	"COUNTRY"	"169461"	"0"
"LIBERIA"	"LIBERIA"	"LIBERIA"	"COUNTRY"	"169462"	"0"
"LESOTHO"	"LESOTHO"	"LESOTHO"	"COUNTRY"	"169463"	"0"
"LITHUANIA"	"LITHUANIA"	"LITHUANIA"	"COUNTRY"	"169464"	"0"
"LUXEMBOURG"	"LUXEMBOURG"	"LUXEMBOURG"	"COUNTRY"	"169465"	"0"
"LATVIA"	"LATVIA"	"LATVIA"	"COUNTRY"	"169466"	"0"
"LIBYAN_ARAB_JAMAHIRIYA"	"LIBYAN ARAB JAMAHIRIYA"	"LIBYAN ARAB JAMAHIRIYA"	"COUNTRY"	"169467"	"0"
"MOROCCO"	"MOROCCO"	"MOROCCO"	"COUNTRY"	"169468"	"0"
"MONACO"	"MONACO"	"MONACO"	"COUNTRY"	"169469"	"0"
"MOLDOVA_REPUBLIC_OF"	"MOLDOVA REPUBLIC OF"	"MOLDOVA REPUBLIC OF"	"COUNTRY"	"169470"	"0"
"MONTENEGRO"	"MONTENEGRO"	"MONTENEGRO"	"COUNTRY"	"169471"	"0"
"MADAGASCAR"	"MADAGASCAR"	"MADAGASCAR"	"COUNTRY"	"169472"	"0"
"MARSHALL_ISLANDS"	"MARSHALL ISLANDS"	"MARSHALL ISLANDS"	"COUNTRY"	"169473"	"0"
"MACEDONIA_THE_FORMER_YUGOSLAV_REPUBLIC_OF"	"MACEDONIA THE FORMER YUGOSLAV REPUBLIC OF"	"MACEDONIA THE FORMER YUGOSLAV REPUBLIC OF"	"COUNTRY"	"169474"	"0"
"MALI"	"MALI"	"MALI"	"COUNTRY"	"169475"	"0"
"MYANMAR"	"MYANMAR"	"MYANMAR"	"COUNTRY"	"169476"	"0"
"MONGOLIA"	"MONGOLIA"	"MONGOLIA"	"COUNTRY"	"169477"	"0"
"MACAO"	"MACAO"	"MACAO"	"COUNTRY"	"169478"	"0"
"NORTHERN_MARIANA_ISLANDS"	"NORTHERN MARIANA ISLANDS"	"NORTHERN MARIANA ISLANDS"	"COUNTRY"	"169479"	"0"
"MARTINIQUE"	"MARTINIQUE"	"MARTINIQUE"	"COUNTRY"	"169480"	"0"
"MAURITANIA"	"MAURITANIA"	"MAURITANIA"	"COUNTRY"	"169481"	"0"
"MONTSERRAT"	"MONTSERRAT"	"MONTSERRAT"	"COUNTRY"	"169482"	"0"
"MALTA"	"MALTA"	"MALTA"	"COUNTRY"	"169483"	"0"
"MAURITIUS"	"MAURITIUS"	"MAURITIUS"	"COUNTRY"	"169484"	"0"
"MALDIVES"	"MALDIVES"	"MALDIVES"	"COUNTRY"	"169485"	"0"
"MALAWI"	"MALAWI"	"MALAWI"	"COUNTRY"	"169486"	"0"
"MEXICO"	"MEXICO"	"MEXICO"	"COUNTRY"	"169487"	"0"
"MALAYSIA"	"MALAYSIA"	"MALAYSIA"	"COUNTRY"	"169488"	"0"
"MOZAMBIQUE"	"MOZAMBIQUE"	"MOZAMBIQUE"	"COUNTRY"	"169489"	"0"
"NAMIBIA"	"NAMIBIA"	"NAMIBIA"	"COUNTRY"	"169490"	"0"
"NEW_CALEDONIA"	"NEW CALEDONIA"	"NEW CALEDONIA"	"COUNTRY"	"169491"	"0"
"NIGER"	"NIGER"	"NIGER"	"COUNTRY"	"169492"	"0"
"NORFOLK_ISLAND"	"NORFOLK ISLAND"	"NORFOLK ISLAND"	"COUNTRY"	"169493"	"0"
"NIGERIA"	"NIGERIA"	"NIGERIA"	"COUNTRY"	"169494"	"0"
"NICARAGUA"	"NICARAGUA"	"NICARAGUA"	"COUNTRY"	"169495"	"0"
"NETHERLANDS"	"NETHERLANDS"	"NETHERLANDS"	"COUNTRY"	"169496"	"0"
"NORWAY"	"NORWAY"	"NORWAY"	"COUNTRY"	"169497"	"0"
"NEPAL"	"NEPAL"	"NEPAL"	"COUNTRY"	"169498"	"0"
"NAURU"	"NAURU"	"NAURU"	"COUNTRY"	"169499"	"0"
"NIUE"	"NIUE"	"NIUE"	"COUNTRY"	"169500"	"0"
"NEW_ZEALAND"	"NEW ZEALAND"	"NEW ZEALAND"	"COUNTRY"	"169501"	"0"
"OMAN"	"OMAN"	"OMAN"	"COUNTRY"	"169502"	"0"
"PANAMA"	"PANAMA"	"PANAMA"	"COUNTRY"	"169503"	"0"
"PERU"	"PERU"	"PERU"	"COUNTRY"	"169504"	"0"
"FRENCH_POLYNESIA"	"FRENCH POLYNESIA"	"FRENCH POLYNESIA"	"COUNTRY"	"169505"	"0"
"PAPUA_NEW_GUINEA"	"PAPUA NEW GUINEA"	"PAPUA NEW GUINEA"	"COUNTRY"	"169506"	"0"
"PHILIPPINES"	"PHILIPPINES"	"PHILIPPINES"	"COUNTRY"	"169507"	"0"
"PAKISTAN"	"PAKISTAN"	"PAKISTAN"	"COUNTRY"	"169508"	"0"
"POLAND"	"POLAND"	"POLAND"	"COUNTRY"	"169509"	"0"
"SAINT_PIERRE_AND_MIQUELON"	"SAINT PIERRE AND MIQUELON"	"SAINT PIERRE AND MIQUELON"	"COUNTRY"	"169510"	"0"
"PITCAIRN"	"PITCAIRN"	"PITCAIRN"	"COUNTRY"	"169511"	"0"
"PUERTO_RICO"	"PUERTO RICO"	"PUERTO RICO"	"COUNTRY"	"169512"	"0"
"PALESTINIAN_TERRITORY_OCCUPIED"	"PALESTINIAN TERRITORY OCCUPIED"	"PALESTINIAN TERRITORY OCCUPIED"	"COUNTRY"	"169513"	"0"
"PORTUGAL"	"PORTUGAL"	"PORTUGAL"	"COUNTRY"	"169514"	"0"
"PALAU"	"PALAU"	"PALAU"	"COUNTRY"	"169515"	"0"
"PARAGUAY"	"PARAGUAY"	"PARAGUAY"	"COUNTRY"	"169516"	"0"
"QATAR"	"QATAR"	"QATAR"	"COUNTRY"	"169517"	"0"
"REUNION"	"REUNION"	"REUNION"	"COUNTRY"	"169518"	"0"
"ROMANIA"	"ROMANIA"	"ROMANIA"	"COUNTRY"	"169519"	"0"
"SERBIA"	"SERBIA"	"SERBIA"	"COUNTRY"	"169520"	"0"
"RUSSIAN_FEDERATION"	"RUSSIAN FEDERATION"	"RUSSIAN FEDERATION"	"COUNTRY"	"169521"	"0"
"RWANDA"	"RWANDA"	"RWANDA"	"COUNTRY"	"169522"	"0"
"SAUDI_ARABIA"	"SAUDI ARABIA"	"SAUDI ARABIA"	"COUNTRY"	"169523"	"0"
"SOLOMON_ISLANDS"	"SOLOMON ISLANDS"	"SOLOMON ISLANDS"	"COUNTRY"	"169524"	"0"
"SEYCHELLES"	"SEYCHELLES"	"SEYCHELLES"	"COUNTRY"	"169525"	"0"
"SUDAN"	"SUDAN"	"SUDAN"	"COUNTRY"	"169526"	"0"
"SWEDEN"	"SWEDEN"	"SWEDEN"	"COUNTRY"	"169527"	"0"
"SINGAPORE"	"SINGAPORE"	"SINGAPORE"	"COUNTRY"	"169528"	"0"
"SAINT_HELENA"	"SAINT HELENA"	"SAINT HELENA"	"COUNTRY"	"169529"	"0"
"SLOVENIA"	"SLOVENIA"	"SLOVENIA"	"COUNTRY"	"169530"	"0"
"SVALBARD_AND_JAN_MAYEN"	"SVALBARD AND JAN MAYEN"	"SVALBARD AND JAN MAYEN"	"COUNTRY"	"169531"	"0"
"SLOVAKIA"	"SLOVAKIA"	"SLOVAKIA"	"COUNTRY"	"169532"	"0"
"SIERRA_LEONE"	"SIERRA LEONE"	"SIERRA LEONE"	"COUNTRY"	"169533"	"0"
"SAN_MARINO"	"SAN MARINO"	"SAN MARINO"	"COUNTRY"	"169534"	"0"
"SENEGAL"	"SENEGAL"	"SENEGAL"	"COUNTRY"	"169535"	"0"
"SOMALIA"	"SOMALIA"	"SOMALIA"	"COUNTRY"	"169536"	"0"
"SURINAME"	"SURINAME"	"SURINAME"	"COUNTRY"	"169537"	"0"
"SAO_TOME_AND_PRINCIPE"	"SAO TOME AND PRINCIPE"	"SAO TOME AND PRINCIPE"	"COUNTRY"	"169538"	"0"
"EL_SALVADOR"	"EL SALVADOR"	"EL SALVADOR"	"COUNTRY"	"169539"	"0"
"SYRIAN_ARAB_REPUBLIC"	"SYRIAN ARAB REPUBLIC"	"SYRIAN ARAB REPUBLIC"	"COUNTRY"	"169540"	"0"
"SWAZILAND"	"SWAZILAND"	"SWAZILAND"	"COUNTRY"	"169541"	"0"
"TURKS_AND_CAICOS_ISLANDS"	"TURKS AND CAICOS ISLANDS"	"TURKS AND CAICOS ISLANDS"	"COUNTRY"	"169542"	"0"
"CHAD"	"CHAD"	"CHAD"	"COUNTRY"	"169543"	"0"
"FRENCH_SOUTHERN_TERRITORIES"	"FRENCH SOUTHERN TERRITORIES"	"FRENCH SOUTHERN TERRITORIES"	"COUNTRY"	"169544"	"0"
"TOGO"	"TOGO"	"TOGO"	"COUNTRY"	"169545"	"0"
"THAILAND"	"THAILAND"	"THAILAND"	"COUNTRY"	"169546"	"0"
"TAJIKISTAN"	"TAJIKISTAN"	"TAJIKISTAN"	"COUNTRY"	"169547"	"0"
"TOKELAU"	"TOKELAU"	"TOKELAU"	"COUNTRY"	"169548"	"0"
"TIMOR-LESTE"	"TIMOR-LESTE"	"TIMOR-LESTE"	"COUNTRY"	"169549"	"0"
"TURKMENISTAN"	"TURKMENISTAN"	"TURKMENISTAN"	"COUNTRY"	"169550"	"0"
"TUNISIA"	"TUNISIA"	"TUNISIA"	"COUNTRY"	"169551"	"0"
"TONGA"	"TONGA"	"TONGA"	"COUNTRY"	"169552"	"0"
"TURKEY"	"TURKEY"	"TURKEY"	"COUNTRY"	"169553"	"0"
"TRINIDAD_AND_TOBAGO"	"TRINIDAD AND TOBAGO"	"TRINIDAD AND TOBAGO"	"COUNTRY"	"169554"	"0"
"TUVALU"	"TUVALU"	"TUVALU"	"COUNTRY"	"169555"	"0"
"TAIWAN_PROVINCE_OF_CHINA"	"TAIWAN PROVINCE OF CHINA"	"TAIWAN PROVINCE OF CHINA"	"COUNTRY"	"169556"	"0"
"TANZANIA_UNITED_REPUBLIC_OF"	"TANZANIA UNITED REPUBLIC OF"	"TANZANIA UNITED REPUBLIC OF"	"COUNTRY"	"169557"	"0"
"UKRAINE"	"UKRAINE"	"UKRAINE"	"COUNTRY"	"169558"	"0"
"UGANDA"	"UGANDA"	"UGANDA"	"COUNTRY"	"169559"	"0"
"UNITED_STATES_MINOR_OUTLYING_ISLANDS"	"UNITED STATES MINOR OUTLYING ISLANDS"	"UNITED STATES MINOR OUTLYING ISLANDS"	"COUNTRY"	"169560"	"0"
"UNITED_STATES"	"UNITED STATES"	"UNITED STATES"	"COUNTRY"	"169561"	"0"
"URUGUAY"	"URUGUAY"	"URUGUAY"	"COUNTRY"	"169562"	"0"
"UZBEKISTAN"	"UZBEKISTAN"	"UZBEKISTAN"	"COUNTRY"	"169563"	"0"
"HOLY_SEE_VATICAN_CITY_STATE"	"HOLY SEE (VATICAN CITY STATE)"	"HOLY SEE (VATICAN CITY STATE)"	"COUNTRY"	"169564"	"0"
"SAINT_VINCENT_AND_THE_GRENADINES"	"SAINT VINCENT AND THE GRENADINES"	"SAINT VINCENT AND THE GRENADINES"	"COUNTRY"	"169565"	"0"
"VENEZUELA"	"VENEZUELA"	"VENEZUELA"	"COUNTRY"	"169566"	"0"
"VIRGIN_ISLANDS_BRITISH"	"VIRGIN ISLANDS BRITISH"	"VIRGIN ISLANDS BRITISH"	"COUNTRY"	"169567"	"0"
"VIRGIN_ISLANDS_US"	"VIRGIN ISLANDS U.S."	"VIRGIN ISLANDS U.S."	"COUNTRY"	"169568"	"0"
"VIET_NAM"	"VIET NAM"	"VIET NAM"	"COUNTRY"	"169569"	"0"
"VANUATU"	"VANUATU"	"VANUATU"	"COUNTRY"	"169570"	"0"
"WALLIS_AND_FUTUNA"	"WALLIS AND FUTUNA"	"WALLIS AND FUTUNA"	"COUNTRY"	"169571"	"0"
"SAMOA"	"SAMOA"	"SAMOA"	"COUNTRY"	"169572"	"0"
"YEMEN"	"YEMEN"	"YEMEN"	"COUNTRY"	"169573"	"0"
"MAYOTTE"	"MAYOTTE"	"MAYOTTE"	"COUNTRY"	"169574"	"0"
"SOUTH_AFRICA"	"SOUTH AFRICA"	"SOUTH AFRICA"	"COUNTRY"	"169575"	"0"
"ZAMBIA"	"ZAMBIA"	"ZAMBIA"	"COUNTRY"	"169576"	"0"
"ZIMBABWE"	"ZIMBABWE"	"ZIMBABWE"	"COUNTRY"	"169577"	"0"
"NOT_APPLICABLE"	"Not Applicable"	"Not Applicable"	"COUNTRY"	"169578"	"0"
"IN_VIVO_HUMAN"	"in vivo (Human), not cell line"	"in vivo (Human), not cell line"	"EXPERIMENT_TYPE"	"169292"	"0"
"IN_VIVO_ANIMAL"	"in vivo (Animal), not cell line"	"in vivo (Animal), not cell line"	"EXPERIMENT_TYPE"	"169293"	"0"
"EX_VIVO_HUMAN"	"ex vivo (Human), not cell line"	"ex vivo (Human), not cell line"	"EXPERIMENT_TYPE"	"169294"	"0"
"ESTABLISHED"	"Established cell line"	"Established cell line"	"EXPERIMENT_TYPE"	"169295"	"0"
"PRIMARY"	"Primary cultures"	"Primary cultures"	"EXPERIMENT_TYPE"	"169296"	"0"
"RAW_DATA"	"Raw data"	"Raw data"	"FILE_TYPE"	"169579"	"0"
"PROCESSED_DATA"	"Processed data"	"Processed data"	"FILE_TYPE"	"169580"	"0"
"FINDINGS"	"Findings"	"Findings"	"FILE_TYPE"	"169581"	"0"
"PROTOCOL"	"Protocol"	"Protocol"	"FILE_TYPE"	"169582"	"0"
"REPORT"	"Report"	"Report"	"FILE_TYPE"	"169583"	"0"
"ETL_FILES"	"ETL files"	"ETL files"	"FILE_TYPE"	"169584"	"0"
"OTHER"	"Other"	"Other"	"FILE_TYPE"	"169585"	"0"
"ACTUAL"	"actual fold change"	"actual fold change"	"FOLD_CHG_METRIC"	"169297"	"0"
"TRINARY"	"-1 (down), 1 (up), 0 (optional for unchanged)"	"-1 (down), 1 (up), 0 (optional for unchanged)"	"FOLD_CHG_METRIC"	"169298"	"0"
"NOT_USED"	"not used (i.e. gene list)"	"not used (i.e. gene list)"	"FOLD_CHG_METRIC"	"169299"	"0"
"CLINICAL_TRIAL"	"Clinical Trial"	"Clinical Trial source"	"GENE_SIG_SOURCE"	"169300"	"0"
"EXPERIMENT"	"Experiment"	"Experiment source"	"GENE_SIG_SOURCE"	"169301"	"0"
"LITERATURE"	"Literature"	"Literature"	"GENE_SIG_SOURCE"	"169302"	"0"
"GC-RMA"	"GC-RMA"	"GC-RMA"	"NORMALIZATION_METHOD"	"169303"	"0"
"MAS5"	"MAS5"	"MAS5"	"NORMALIZATION_METHOD"	"169304"	"0"
"NONE"	"None"	"None"	"NORMALIZATION_METHOD"	"169305"	"0"
"RMA"	"RMA"	"RMA"	"NORMALIZATION_METHOD"	"169306"	"0"
"OTHER"	"other"	"helper concept"	"OTHER"	"169686"	"0"
"1_PERC"	".01"	".01"	"P_VAL_CUTOFF"	"169307"	"0"
"5_PERC"	".05"	".05"	"P_VAL_CUTOFF"	"169308"	"0"
"UNDEFINED"	"undefined"	"undefined"	"P_VAL_CUTOFF"	"169309"	"0"
"ALTHEADX"	"AltheaDx"	"AltheaDx"	"PROVIDER"	"169586"	"0"
"COVANCE"	"Covance"	"Covance"	"PROVIDER"	"169587"	"0"
"EXELIXIS"	"Exelixis"	"Exelixis"	"PROVIDER"	"169588"	"0"
"HTG"	"HTG"	"HTG"	"PROVIDER"	"169589"	"0"
"QUALTEK"	"QualTek"	"QualTek"	"PROVIDER"	"169590"	"0"
"QUINTILES"	"Quintiles"	"Quintiles"	"PROVIDER"	"169591"	"0"
"VENTANA"	"Ventana"	"Ventana"	"PROVIDER"	"169592"	"0"
"VERIDEX"	"Veridexa"	"Veridex"	"PROVIDER"	"169593"	"0"
"VIALELAB"	"Viale Lab"	"Viale Lab"	"PROVIDER"	"169594"	"0"
"OTHER"	"Other"	"Other"	"PROVIDER"	"169595"	"0"
"UNKNOWN"	"Unknown"	"Unknown"	"PROVIDER"	"169596"	"0"
"NOTAPPLICABLE"	"Not applicable"	"Not applicable"	"PROVIDER"	"169597"	"0"
"ARABIDOPSIS_THALIANA"	"Arabidopsis thaliana"	"Arabidopsis thaliana"	"SPECIES"	"169598"	"0"
"BOS_TAURUS"	"Bos taurus"	"Bos taurus"	"SPECIES"	"169599"	"0"
"CAENORHABDITIS_ELEGANS"	"Caenorhabditis elegans"	"Caenorhabditis elegans"	"SPECIES"	"169600"	"0"
"CANIS_LUPUS_FAMILIARIS"	"Canis lupus familiaris"	"Canis lupus familiaris"	"SPECIES"	"169310"	"0"
"CHLAMYDOMONAS_REINHARDTII"	"Chlamydomonas reinhardtii"	"Chlamydomonas reinhardtii"	"SPECIES"	"169601"	"0"
"CYNOMOLGUS_MONKEY"	"Cynomolgus monkey"	"Cynomolgus monkey"	"SPECIES"	"169311"	"0"
"DANIO_RERIO_ZEBRAFISH"	"Danio rerio (zebrafish)"	"Danio rerio (zebrafish)"	"SPECIES"	"169602"	"0"
"DICTYOSTELIUM_DISCOIDEUM"	"Dictyostelium discoideum"	"Dictyostelium discoideum"	"SPECIES"	"169603"	"0"
"DROSOPHILA_MELANOGASTER"	"Drosophila melanogaster"	"Drosophila melanogaster"	"SPECIES"	"169604"	"0"
"ESCHERICHIA_COLI"	"Escherichia coli"	"Escherichia coli"	"SPECIES"	"169605"	"0"
"HEPATITIS_C_VIRUS"	"Hepatitis C virus"	"Hepatitis C virus"	"SPECIES"	"169606"	"0"
"HOMO_SAPIENS"	"Homo Sapiens"	"Homo sapiens"	"SPECIES"	"169312"	"0"
"HUMAN"	"Human"	"Human"	"SPECIES"	"169685"	"0"
"MOUSE_1"	"Mouse (Balb/c)"	"Mouse (Balb/c)"	"SPECIES"	"169313"	"0"
"MOUSE_2"	"Mouse (C57BL/6)"	"Mouse (C57BL/6)"	"SPECIES"	"169314"	"0"
"MOUSE_3"	"Mouse (knockout or transgenic)"	"Mouse (knockout or transgenic)"	"SPECIES"	"169315"	"0"
"MOUSE_4"	"Mouse (other)"	"Mouse (other)"	"SPECIES"	"169316"	"0"
"MUS_MUSCULUS"	"Mus musculus"	"Mus musculus"	"SPECIES"	"169607"	"0"
"MYCOPLASMA_PNEUMONIAE"	"Mycoplasma pneumoniae"	"Mycoplasma pneumoniae"	"SPECIES"	"169608"	"0"
"ORYZA_SATIVA"	"Oryza sativa"	"Oryza sativa"	"SPECIES"	"169609"	"0"
"PLASMODIUM_FALCIPARUM"	"Plasmodium falciparum"	"Plasmodium falciparum"	"SPECIES"	"169610"	"0"
"PNEUMOCYSTIS_CARINII"	"Pneumocystis carinii"	"Pneumocystis carinii"	"SPECIES"	"169611"	"0"
"RAT"	"Rat"	"Rat"	"SPECIES"	"169317"	"0"
"RATTUS_NORVEGICUS"	"Rattus norvegicus"	"Rattus norvegicus"	"SPECIES"	"169612"	"0"
"SACCHAROMYCES_CEREVISIAE"	"Saccharomyces cerevisiae"	"Saccharomyces cerevisiae"	"SPECIES"	"169613"	"0"
"SCHIZOSACCHAROMYCES_POMBE"	"Schizosaccharomyces pombe"	"Schizosaccharomyces pombe"	"SPECIES"	"169614"	"0"
"TAKIFUGU_RUBRIPES"	"Takifugu rubripes"	"Takifugu rubripes"	"SPECIES"	"169615"	"0"
"XENOPUS_LAEVIS"	"Xenopus laevis"	"Xenopus laevis"	"SPECIES"	"169616"	"0"
"ZEA_MAYS"	"Zea mays"	"Zea mays"	"SPECIES"	"169617"	"0"
"STREPTOCOCCUS_PNEUMONIAE"	"Streptococcus pneumoniae"	"Streptococcus pneumoniae"	"SPECIES"	"169618"	"0"
"INFLUENZA_VIRUS"	"Influenza virus"	"Influenza virus"	"SPECIES"	"169619"	"0"
"FLAVIVIRUS_FEBRICIS"	"Flavivirus febricis"	"Flavivirus febricis"	"SPECIES"	"169620"	"0"
"OTHER"	"Other"	"Other"	"SPECIES"	"169621"	"0"
"INTERNAL"	"Internal"	"Internal"	"STUDY_ACCESS_TYPE"	"169622"	"0"
"PUBLIC"	"Public"	"Public"	"STUDY_ACCESS_TYPE"	"169623"	"0"
"COMMERCIAL"	"Commercial"	"Commercial"	"STUDY_ACCESS_TYPE"	"169624"	"0"
"CONSORTIUM"	"Consortium"	"Consortium"	"STUDY_ACCESS_TYPE"	"169625"	"0"
"NOT_APPLICABLE"	"Not applicable"	"Not applicable"	"STUDY_ACCESS_TYPE"	"169626"	"0"
"PD_BIOMARKER"	"PD biomarker"	"PD biomarker"	"STUDY_BIOMARKER_TYPE"	"169627"	"0"
"PATIENT_SELECTION_BIOMARKER"	"Patient selection biomarker"	"Patient selection biomarker"	"STUDY_BIOMARKER_TYPE"	"169628"	"0"
"EFFICACY_BIOMARKER"	"Efficacy biomarker"	"Efficacy biomarker"	"STUDY_BIOMARKER_TYPE"	"169629"	"0"
"NOT_APPLICABLE"	"Not applicable"	"Not applicable"	"STUDY_BIOMARKER_TYPE"	"169630"	"0"
"INTERVENTIONAL"	"Interventional"	"Interventional"	"STUDY_DESIGN"	"169631"	"0"
"OBSERVATIONAL"	"Observational"	"Observational"	"STUDY_DESIGN"	"169632"	"0"
"OTHER"	"Other"	"Other"	"STUDY_DESIGN"	"169633"	"0"
"DISCOVER_TARGETS_BIOLOGICAL_CONTEXTS"	"Discover targets/biological contexts"	"Discover targets/biological contexts"	"STUDY_OBJECTIVE"	"169634"	"0"
"SELECT_LEAD_OR_DEVELOPMENT_CANDIDATES"	"Select lead or development candidates"	"Select lead or development candidates"	"STUDY_OBJECTIVE"	"169635"	"0"
"DISCOVER_BIOMARKERS"	"Discover biomarkers"	"Discover biomarkers"	"STUDY_OBJECTIVE"	"169636"	"0"
"QUALIFY_ASSAYS"	"Qualify assays"	"Qualify assays"	"STUDY_OBJECTIVE"	"169637"	"0"
"DEMONSTRATE_MECHANISTIC_PROOF_OF_CONCEPT_IN_CLINIC"	"Demonstrate mechanistic Proof of Concept in clinic"	"Demonstrate mechanistic Proof of Concept in clinic"	"STUDY_OBJECTIVE"	"169638"	"0"
"DEMONSTRATE_CLINICAL_BENEFIT_PROOF_OF_CONCEPT_IN_CLINIC"	"Demonstrate clinical benefit Proof of Concept in clinic"	"Demonstrate clinical benefit Proof of Concept in clinic"	"STUDY_OBJECTIVE"	"169639"	"0"
"SAFETY_ASSESSMENT"	"Safety assessment"	"Safety assessment"	"STUDY_OBJECTIVE"	"169640"	"0"
"MODE_OF_ACTION_ANALYSIS"	"Mode Of Action analysis"	"Mode Of Action analysis"	"STUDY_OBJECTIVE"	"169641"	"0"
"NOT_APPLICABLE"	"Not applicable"	"Not applicable"	"STUDY_OBJECTIVE"	"169642"	"0"
"TARGET_IDENTIFICATION_VALIDATION"	"Target identification / validation"	"Target identification / validation"	"STUDY_PHASE"	"169643"	"0"
"HIT_FINDING"	"Hit finding"	"Hit finding"	"STUDY_PHASE"	"169644"	"0"
"LEAD_OPTIMIZATION"	"Lead optimization"	"Lead optimization"	"STUDY_PHASE"	"169645"	"0"
"DEVELOPMENT_CANDIDATE"	"Development candidate"	"Development candidate"	"STUDY_PHASE"	"169646"	"0"
"PRECLINICAL"	"Preclinical"	"Preclinical"	"STUDY_PHASE"	"169647"	"0"
"PHASE_I"	"Phase I"	"Phase I"	"STUDY_PHASE"	"169648"	"0"
"PHASE_II"	"Phase II"	"Phase II"	"STUDY_PHASE"	"169649"	"0"
"PHASE_III"	"Phase III"	"Phase III"	"STUDY_PHASE"	"169650"	"0"
"REGULATORY_SUBMISSION"	"Regulatory submission"	"Regulatory submission"	"STUDY_PHASE"	"169651"	"0"
"POST_MARKET_APPROVAL"	"Post market approval"	"Post market approval"	"STUDY_PHASE"	"169652"	"0"
"LIFE_CYCLE_MANAGEMENT"	"Life cycle management"	"Life cycle management"	"STUDY_PHASE"	"169653"	"0"
"NOT_APPLICABLE"	"Not applicable"	"Not applicable"	"STUDY_PHASE"	"169654"	"0"
"PHASE_ZERO"	"Phase 0"	"Phase 0"	"STUDY_PHASE"	"169655"	"0"
"IN_PREPARATION"	"In preparation"	"In preparation"	"STUDY_PUBLICATION_STUDY_PUBLICATION_STATUS"	"169656"	"0"
"SUBMITTED"	"Submitted"	"Submitted"	"STUDY_PUBLICATION_STUDY_PUBLICATION_STATUS"	"169657"	"0"
"PUBLISHED"	"Published"	"Published"	"STUDY_PUBLICATION_STUDY_PUBLICATION_STATUS"	"169658"	"0"
"NOT_APPLICABLE"	"Not applicable"	"Not applicable"	"STUDY_PUBLICATION_STUDY_PUBLICATION_STATUS"	"169659"	"0"
"BACTERIAL_AND_FUNGAL_DISEASES"	"Bacterial and Fungal Diseases"	"Bacterial and Fungal Diseases"	"THERAPEUTIC_DOMAIN"	"169660"	"0"
"BLOOD_AND_LYMPH_CONDITIONS"	"Blood and Lymph Conditions"	"Blood and Lymph Conditions"	"THERAPEUTIC_DOMAIN"	"169662"	"0"
"CANCERS_AND_OTHER_NEOPLASMS"	"Cancers and Other Neoplasms"	"Cancers and Other Neoplasms"	"THERAPEUTIC_DOMAIN"	"169663"	"0"
"DIGESTIVE_SYSTEM_DISEASES"	"Digestive System Diseases"	"Digestive System Diseases"	"THERAPEUTIC_DOMAIN"	"169664"	"0"
"DISEASES_AND_ABNORMALITIES_AT_OR_BEFORE_BIRTH"	"Diseases and Abnormalities at or before Birth"	"Diseases and Abnormalities at or before Birth"	"THERAPEUTIC_DOMAIN"	"169665"	"0"
"EAR_NOSE_AND_THROAT_DISEASES"	"Ear Nose and Throat Diseases"	"Ear Nose and Throat Diseases"	"THERAPEUTIC_DOMAIN"	"169666"	"0"
"EYE_DISEASES"	"Eye Diseases"	"Eye Diseases"	"THERAPEUTIC_DOMAIN"	"169667"	"0"
"GLAND_AND_HORMONE_RELATED_DISEASES"	"Gland and Hormone Related Diseases"	"Gland and Hormone Related Diseases"	"THERAPEUTIC_DOMAIN"	"169668"	"0"
"HEART_AND_BLOOD_DISEASES"	"Heart and Blood Diseases"	"Heart and Blood Diseases"	"THERAPEUTIC_DOMAIN"	"169669"	"0"
"IMMUNE_SYSTEM_DISEASES"	"Immune System Diseases"	"Immune System Diseases"	"THERAPEUTIC_DOMAIN"	"169670"	"0"
"MOUTH_AND_TOOTH_DISEASES"	"Mouth and Tooth Diseases"	"Mouth and Tooth Diseases"	"THERAPEUTIC_DOMAIN"	"169671"	"0"
"MUSCLE_BONE_AND_CARTILAGE_DISEASES"	"Muscle Bone and Cartilage Diseases"	"Muscle Bone and Cartilage Diseases"	"THERAPEUTIC_DOMAIN"	"169672"	"0"
"NERVOUS_SYSTEM_DISEASES"	"Nervous System Diseases"	"Nervous System Diseases"	"THERAPEUTIC_DOMAIN"	"169673"	"0"
"NUTRITIONAL_AND_METABOLIC_DISEASES"	"Nutritional and Metabolic Diseases"	"Nutritional and Metabolic Diseases"	"THERAPEUTIC_DOMAIN"	"169674"	"0"
"OCCUPATIONAL_DISEASES"	"Occupational Diseases"	"Occupational Diseases"	"THERAPEUTIC_DOMAIN"	"169675"	"0"
"PARASITIC_DISEASES"	"Parasitic Diseases"	"Parasitic Diseases"	"THERAPEUTIC_DOMAIN"	"169676"	"0"
"RESPIRATORY_TRACT_LUNG_AND_BRONCHIAL_DISEASES"	"Respiratory Tract (Lung and Bronchial) Diseases"	"Respiratory Tract (Lung and Bronchial) Diseases"	"THERAPEUTIC_DOMAIN"	"169677"	"0"
"SKIN_AND_CONNECTIVE_TISSUE_DISEASES"	"Skin and Connective Tissue Diseases"	"Skin and Connective Tissue Diseases"	"THERAPEUTIC_DOMAIN"	"169678"	"0"
"SUBSTANCE_RELATED_DISORDERS"	"Substance Related Disorders"	"Substance Related Disorders"	"THERAPEUTIC_DOMAIN"	"169679"	"0"
"SYMPTOMS_AND_GENERAL_PATHOLOGY"	"Symptoms and General Pathology"	"Symptoms and General Pathology"	"THERAPEUTIC_DOMAIN"	"169680"	"0"
"URINARY_TRACT_SEXUAL_ORGANS_AND_PREGNANCY_CONDITIONS"	"Urinary Tract Sexual Organs and Pregnancy Conditions"	"Urinary Tract Sexual Organs and Pregnancy Conditions"	"THERAPEUTIC_DOMAIN"	"169681"	"0"
"VIRAL_DISEASES"	"Viral Diseases"	"Viral Diseases"	"THERAPEUTIC_DOMAIN"	"169682"	"0"
"WOUNDS_AND_INJURIES"	"Wounds and Injuries"	"Wounds and Injuries"	"THERAPEUTIC_DOMAIN"	"169683"	"0"
"OTHER"	"Other"	"Other"	"THERAPEUTIC_DOMAIN"	"169684"	"0"
"BRAIN"	"Brain"	"Brain"	"TISSUE_TYPE"	"169318"	"0"
"COLON"	"Colon"	"Colon"	"TISSUE_TYPE"	"169319"	"0"
"HEART"	"Heart"	"Heart"	"TISSUE_TYPE"	"169320"	"0"
"KIDNEY"	"Kidney"	"Kidney"	"TISSUE_TYPE"	"169321"	"0"
"LARGE_INTESTINE"	"Large Intestine"	"Large Intestine"	"TISSUE_TYPE"	"169322"	"0"
"LIVER"	"Liver"	"Liver"	"TISSUE_TYPE"	"169323"	"0"
"LYMPH_NODE"	"Lymph Node"	"Lymph Node"	"TISSUE_TYPE"	"169324"	"0"
"LUNG"	"Lung"	"Lung"	"TISSUE_TYPE"	"169325"	"0"
"SKIN"	"Skin"	"Skin"	"TISSUE_TYPE"	"169326"	"0"
"SMALL_INTESTINE"	"Small Intestine"	"Small Intestine"	"TISSUE_TYPE"	"169327"	"0"
"SPLEEN"	"Spleen"	"Spleen"	"TISSUE_TYPE"	"169328"	"0"
"BEHAVIORS_AND_MENTAL_DISORDERS"	"Behaviors and Mental Disorders"	"Behaviors and Mental Disorders"	"THERAPEUTIC_DOMAIN"	"169661"	"0"
