GPL_ID	PROBE_NAME	GENE_SYMBOL	ENTREZ_ID	ORGANISM
GENE-EXPRESSION-1	ERCC_00117.1(POS_A)			Homo sapiens
GENE-EXPRESSION-1	ERCC_00112.1(POS_B)			Homo sapiens
GENE-EXPRESSION-1	ERCC_00002.1(POS_C)			Homo sapiens
GENE-EXPRESSION-1	ERCC_00092.1(POS_D)			Homo sapiens
GENE-EXPRESSION-1	ERCC_00035.1(POS_E)			Homo sapiens
GENE-EXPRESSION-1	ERCC_00034.1(POS_F)			Homo sapiens
GENE-EXPRESSION-1	ERCC_00096.1(NEG_A)			Homo sapiens
GENE-EXPRESSION-1	ERCC_00041.1(NEG_B)			Homo sapiens
GENE-EXPRESSION-1	ERCC_00019.1(NEG_C)			Homo sapiens
GENE-EXPRESSION-1	ERCC_00076.1(NEG_D)			Homo sapiens
GENE-EXPRESSION-1	ERCC_00098.1(NEG_E)			Homo sapiens
GENE-EXPRESSION-1	ERCC_00126.1(NEG_F)			Homo sapiens
GENE-EXPRESSION-1	ERCC_00144.1(NEG_G)			Homo sapiens
GENE-EXPRESSION-1	ERCC_00154.1(NEG_H)			Homo sapiens
GENE-EXPRESSION-1	NM_000014.4	A2M	2	Homo sapiens
GENE-EXPRESSION-1	NM_000927.3	ABCB1	5243	Homo sapiens
GENE-EXPRESSION-1	NM_005157.3	ABL1	25	Homo sapiens
GENE-EXPRESSION-1	NM_000022.2	ADA	100	Homo sapiens
GENE-EXPRESSION-1	NM_014243.2	ADAMTS3	9508	Homo sapiens
GENE-EXPRESSION-1	NM_000675.3	ADORA2A	135	Homo sapiens
GENE-EXPRESSION-1	NM_020661.1	AICDA	57379	Homo sapiens
GENE-EXPRESSION-1	NM_032955.1	AIF1	199	Homo sapiens
GENE-EXPRESSION-1	NM_000383.2	AIRE	326	Homo sapiens
GENE-EXPRESSION-1	NM_181690.1	AKT3	10000	Homo sapiens
GENE-EXPRESSION-1	NM_001627.3	ALCAM	214	Homo sapiens
GENE-EXPRESSION-1	NM_001140.3	ALOX15	246	Homo sapiens
GENE-EXPRESSION-1	NM_000698.2	ALOX5	240	Homo sapiens
GENE-EXPRESSION-1	NM_001633.3	AMBP	259	Homo sapiens
GENE-EXPRESSION-1	NM_153206.2	AMICA1	120425	Homo sapiens
GENE-EXPRESSION-1	NM_006401.2	ANP32B	10541	Homo sapiens
GENE-EXPRESSION-1	NM_000700.1	ANXA1	301	Homo sapiens
GENE-EXPRESSION-1	NM_000041.2	APOE	348	Homo sapiens
GENE-EXPRESSION-1	NM_000484.3	APP	351	Homo sapiens
GENE-EXPRESSION-1	NM_000045.2	ARG1	383	Homo sapiens
GENE-EXPRESSION-1	NM_001172.3	ARG2	384	Homo sapiens
GENE-EXPRESSION-1	NM_005171.2	ATF1	466	Homo sapiens
GENE-EXPRESSION-1	NM_001256090.1	ATF2	1386	Homo sapiens
GENE-EXPRESSION-1	NM_001131028.1	ATG10	83734	Homo sapiens
GENE-EXPRESSION-1	NM_004707.2	ATG12	9140	Homo sapiens
GENE-EXPRESSION-1	NM_198890.2	ATG16L1	55054	Homo sapiens
GENE-EXPRESSION-1	NM_004849.2	ATG5	9474	Homo sapiens
GENE-EXPRESSION-1	NM_001136031.2	ATG7	10533	Homo sapiens
GENE-EXPRESSION-1	NM_000051.3	ATM	472	Homo sapiens
GENE-EXPRESSION-1	NM_021913.2	AXL	558	Homo sapiens
GENE-EXPRESSION-1	NM_001187.1	BAGE	574	Homo sapiens
GENE-EXPRESSION-1	NM_006399.3	BATF	10538	Homo sapiens
GENE-EXPRESSION-1	NM_138761.3	BAX	581	Homo sapiens
GENE-EXPRESSION-1	NM_003921.2	BCL10	8915	Homo sapiens
GENE-EXPRESSION-1	NM_000657.2	BCL2	596	Homo sapiens
GENE-EXPRESSION-1	NM_001191.2	BCL2L1	598	Homo sapiens
GENE-EXPRESSION-1	NM_001706.2	BCL6	604	Homo sapiens
GENE-EXPRESSION-1	NM_001196.2	BID	637	Homo sapiens
GENE-EXPRESSION-1	NM_182962.2	BIRC3	330	Homo sapiens
GENE-EXPRESSION-1	NM_001168.2	BIRC5	332	Homo sapiens
GENE-EXPRESSION-1	NM_001715.2	BLK	640	Homo sapiens
GENE-EXPRESSION-1	NM_013314.2	BLNK	29760	Homo sapiens
GENE-EXPRESSION-1	NM_005180.5	BMI1	648	Homo sapiens
GENE-EXPRESSION-1	NM_004334.2	BST1	683	Homo sapiens
GENE-EXPRESSION-1	NM_004335.2	BST2	684	Homo sapiens
GENE-EXPRESSION-1	NM_000061.1	BTK	695	Homo sapiens
GENE-EXPRESSION-1	NM_181780.2	BTLA	151888	Homo sapiens
GENE-EXPRESSION-1	NM_015991.2	C1QA	712	Homo sapiens
GENE-EXPRESSION-1	NM_000491.3	C1QB	713	Homo sapiens
GENE-EXPRESSION-1	NM_001212.3	C1QBP	708	Homo sapiens
GENE-EXPRESSION-1	NM_001733.4	C1R	715	Homo sapiens
GENE-EXPRESSION-1	NM_001734.2	C1S	716	Homo sapiens
GENE-EXPRESSION-1	NM_000063.3	C2	717	Homo sapiens
GENE-EXPRESSION-1	NM_000064.2	C3	718	Homo sapiens
GENE-EXPRESSION-1	NM_004054.2	C3AR1	719	Homo sapiens
GENE-EXPRESSION-1	NM_001002029.3	C4B	721	Homo sapiens
GENE-EXPRESSION-1	NM_000715.3	C4BPA	722	Homo sapiens
GENE-EXPRESSION-1	NM_001735.2	C5	727	Homo sapiens
GENE-EXPRESSION-1	NM_001736.2	C5AR1	728	Homo sapiens
GENE-EXPRESSION-1	NM_000065.2	C6	729	Homo sapiens
GENE-EXPRESSION-1	NM_000587.2	C7	730	Homo sapiens
GENE-EXPRESSION-1	NM_000562.2	C8A	731	Homo sapiens
GENE-EXPRESSION-1	NM_000066.2	C8B	732	Homo sapiens
GENE-EXPRESSION-1	NM_000606.2	C8G	733	Homo sapiens
GENE-EXPRESSION-1	NM_001737.3	C9	735	Homo sapiens
GENE-EXPRESSION-1	NM_004345.3	CAMP	820	Homo sapiens
GENE-EXPRESSION-1	NM_032415.2	CARD11	84433	Homo sapiens
GENE-EXPRESSION-1	NM_052813.4	CARD9	64170	Homo sapiens
GENE-EXPRESSION-1	NM_001223.3	CASP1	834	Homo sapiens
GENE-EXPRESSION-1	NM_032977.3	CASP10	843	Homo sapiens
GENE-EXPRESSION-1	NM_032991.2	CASP3	836	Homo sapiens
GENE-EXPRESSION-1	NM_001228.4	CASP8	841	Homo sapiens
GENE-EXPRESSION-1	NM_002981.1	CCL1	6346	Homo sapiens
GENE-EXPRESSION-1	NM_002986.2	CCL11	6356	Homo sapiens
GENE-EXPRESSION-1	NM_005408.2	CCL13	6357	Homo sapiens
GENE-EXPRESSION-1	NM_032963.3	CCL14	6358	Homo sapiens
GENE-EXPRESSION-1	NM_032965.3	CCL15	6359	Homo sapiens
GENE-EXPRESSION-1	NM_004590.2	CCL16	6360	Homo sapiens
GENE-EXPRESSION-1	NM_002987.2	CCL17	6361	Homo sapiens
GENE-EXPRESSION-1	NM_002988.2	CCL18	6362	Homo sapiens
GENE-EXPRESSION-1	NM_006274.2	CCL19	6363	Homo sapiens
GENE-EXPRESSION-1	NM_002982.3	CCL2	6347	Homo sapiens
GENE-EXPRESSION-1	NM_004591.1	CCL20	6364	Homo sapiens
GENE-EXPRESSION-1	NM_002989.2	CCL21	6366	Homo sapiens
GENE-EXPRESSION-1	NM_002990.3	CCL22	6367	Homo sapiens
GENE-EXPRESSION-1	NM_145898.1	CCL23	6368	Homo sapiens
GENE-EXPRESSION-1	NM_002991.2	CCL24	6369	Homo sapiens
GENE-EXPRESSION-1	NM_005624.2	CCL25	6370	Homo sapiens
GENE-EXPRESSION-1	NM_006072.4	CCL26	10344	Homo sapiens
GENE-EXPRESSION-1	NM_006664.2	CCL27	10850	Homo sapiens
GENE-EXPRESSION-1	NM_148672.2	CCL28	56477	Homo sapiens
GENE-EXPRESSION-1	NM_002983.2	CCL3	6348	Homo sapiens
GENE-EXPRESSION-1	NM_021006.4	CCL3L1	6349	Homo sapiens
GENE-EXPRESSION-1	NM_002984.2	CCL4	6351	Homo sapiens
GENE-EXPRESSION-1	NM_002985.2	CCL5	6352	Homo sapiens
GENE-EXPRESSION-1	NM_006273.2	CCL7	6354	Homo sapiens
GENE-EXPRESSION-1	NM_005623.2	CCL8	6355	Homo sapiens
GENE-EXPRESSION-1	NM_001760.2	CCND3	896	Homo sapiens
GENE-EXPRESSION-1	NM_001295.2	CCR1	1230	Homo sapiens
GENE-EXPRESSION-1	NM_001123041.2	CCR2	729230	Homo sapiens
GENE-EXPRESSION-1	NM_001837.2	CCR3	1232	Homo sapiens
GENE-EXPRESSION-1	NM_005508.4	CCR4	1233	Homo sapiens
GENE-EXPRESSION-1	NM_000579.1	CCR5	1234	Homo sapiens
GENE-EXPRESSION-1	NM_031409.2	CCR6	1235	Homo sapiens
GENE-EXPRESSION-1	NM_001838.2	CCR7	1236	Homo sapiens
GENE-EXPRESSION-1	NM_031200.1	CCR9	10803	Homo sapiens
GENE-EXPRESSION-1	NM_003965.4	CCRL2	9034	Homo sapiens
GENE-EXPRESSION-1	NM_000591.2	CD14	929	Homo sapiens
GENE-EXPRESSION-1	NM_007053.2	CD160	11126	Homo sapiens
GENE-EXPRESSION-1	NM_004244.4	CD163	9332	Homo sapiens
GENE-EXPRESSION-1	NM_006016.4	CD164	8763	Homo sapiens
GENE-EXPRESSION-1	NM_005582.2	CD180	4064	Homo sapiens
GENE-EXPRESSION-1	NM_001770.4	CD19	930	Homo sapiens
GENE-EXPRESSION-1	NM_001763.2	CD1A	909	Homo sapiens
GENE-EXPRESSION-1	NM_001764.2	CD1B	910	Homo sapiens
GENE-EXPRESSION-1	NM_001765.2	CD1C	911	Homo sapiens
GENE-EXPRESSION-1	NM_001766.3	CD1D	912	Homo sapiens
GENE-EXPRESSION-1	NM_001042583.1	CD1E	913	Homo sapiens
GENE-EXPRESSION-1	NM_001767.3	CD2	914	Homo sapiens
GENE-EXPRESSION-1	NM_005944.5	CD200	4345	Homo sapiens
GENE-EXPRESSION-1	NM_015717.2	CD207	50489	Homo sapiens
GENE-EXPRESSION-1	NM_021155.2	CD209	30835	Homo sapiens
GENE-EXPRESSION-1	NM_001771.2	CD22	933	Homo sapiens
GENE-EXPRESSION-1	NM_013230.2	CD24	100133941	Homo sapiens
GENE-EXPRESSION-1	NM_016382.2	CD244	51744	Homo sapiens
GENE-EXPRESSION-1	NM_198053.1	CD247	919	Homo sapiens
GENE-EXPRESSION-1	NM_001242.4	CD27	939	Homo sapiens
GENE-EXPRESSION-1	NM_014143.3	CD274	29126	Homo sapiens
GENE-EXPRESSION-1	NM_001024736.1	CD276	80381	Homo sapiens
GENE-EXPRESSION-1	NM_001243078.1	CD28	940	Homo sapiens
GENE-EXPRESSION-1	NM_001177608.1	CD33	945	Homo sapiens
GENE-EXPRESSION-1	NM_001025109.1	CD34	947	Homo sapiens
GENE-EXPRESSION-1	NM_001001548.2	CD36	948	Homo sapiens
GENE-EXPRESSION-1	NM_001774.2	CD37	951	Homo sapiens
GENE-EXPRESSION-1	NM_001775.2	CD38	952	Homo sapiens
GENE-EXPRESSION-1	NM_000732.4	CD3D	915	Homo sapiens
GENE-EXPRESSION-1	NM_000733.2	CD3E	916	Homo sapiens
GENE-EXPRESSION-1	NM_012099.1	CD3EAP	10849	Homo sapiens
GENE-EXPRESSION-1	NM_000073.2	CD3G	917	Homo sapiens
GENE-EXPRESSION-1	NM_000616.4	CD4	920	Homo sapiens
GENE-EXPRESSION-1	NM_001250.4	CD40	958	Homo sapiens
GENE-EXPRESSION-1	NM_000074.2	CD40LG	959	Homo sapiens
GENE-EXPRESSION-1	NM_001001392.1	CD44	960	Homo sapiens
GENE-EXPRESSION-1	NM_172350.1	CD46	4179	Homo sapiens
GENE-EXPRESSION-1	NM_001777.3	CD47	961	Homo sapiens
GENE-EXPRESSION-1	NM_001778.2	CD48	962	Homo sapiens
GENE-EXPRESSION-1	NM_014207.2	CD5	921	Homo sapiens
GENE-EXPRESSION-1	NM_001040033.1	CD53	963	Homo sapiens
GENE-EXPRESSION-1	NM_000574.3	CD55	1604	Homo sapiens
GENE-EXPRESSION-1	NM_001779.2	CD58	965	Homo sapiens
GENE-EXPRESSION-1	NM_000611.4	CD59	966	Homo sapiens
GENE-EXPRESSION-1	NM_006725.3	CD6	923	Homo sapiens
GENE-EXPRESSION-1	NM_001780.4	CD63	967	Homo sapiens
GENE-EXPRESSION-1	NM_001251.2	CD68	968	Homo sapiens
GENE-EXPRESSION-1	NM_001781.1	CD69	969	Homo sapiens
GENE-EXPRESSION-1	NM_006137.6	CD7	924	Homo sapiens
GENE-EXPRESSION-1	NM_001252.2	CD70	970	Homo sapiens
GENE-EXPRESSION-1	NM_001025159.1	CD74	972	Homo sapiens
GENE-EXPRESSION-1	NM_001783.3	CD79A	973	Homo sapiens
GENE-EXPRESSION-1	NM_021602.2	CD79B	974	Homo sapiens
GENE-EXPRESSION-1	NM_005191.3	CD80	941	Homo sapiens
GENE-EXPRESSION-1	NM_004356.3	CD81	975	Homo sapiens
GENE-EXPRESSION-1	NM_004233.3	CD83	9308	Homo sapiens
GENE-EXPRESSION-1	NM_001184879.1	CD84	8832	Homo sapiens
GENE-EXPRESSION-1	NM_175862.3	CD86	942	Homo sapiens
GENE-EXPRESSION-1	NM_001768.5	CD8A	925	Homo sapiens
GENE-EXPRESSION-1	NM_004931.3	CD8B	926	Homo sapiens
GENE-EXPRESSION-1	NM_001769.2	CD9	928	Homo sapiens
GENE-EXPRESSION-1	NM_005816.4	CD96	10225	Homo sapiens
GENE-EXPRESSION-1	NM_078481.2	CD97	976	Homo sapiens
GENE-EXPRESSION-1	NM_002414.3	CD99	4267	Homo sapiens
GENE-EXPRESSION-1	NM_004360.2	CDH1	999	Homo sapiens
GENE-EXPRESSION-1	NM_001795.3	CDH5	1003	Homo sapiens
GENE-EXPRESSION-1	NM_001786.4	CDK1	983	Homo sapiens
GENE-EXPRESSION-1	NM_000389.2	CDKN1A	1026	Homo sapiens
GENE-EXPRESSION-1	NM_001712.3	CEACAM1	634	Homo sapiens
GENE-EXPRESSION-1	NM_002483.4	CEACAM6	4680	Homo sapiens
GENE-EXPRESSION-1	NM_001816.3	CEACAM8	1088	Homo sapiens
GENE-EXPRESSION-1	NM_005194.2	CEBPB	1051	Homo sapiens
GENE-EXPRESSION-1	NM_001710.5	CFB	629	Homo sapiens
GENE-EXPRESSION-1	NM_001928.2	CFD	1675	Homo sapiens
GENE-EXPRESSION-1	NM_000204.3	CFI	3426	Homo sapiens
GENE-EXPRESSION-1	NM_002621.2	CFP	5199	Homo sapiens
GENE-EXPRESSION-1	NM_003465.2	CHIT1	1118	Homo sapiens
GENE-EXPRESSION-1	NM_001278.3	CHUK	1147	Homo sapiens
GENE-EXPRESSION-1	NM_181640.2	CKLF	51192	Homo sapiens
GENE-EXPRESSION-1	NM_194448.2	CLEC4A	50856	Homo sapiens
GENE-EXPRESSION-1	NM_203503.1	CLEC4C	170482	Homo sapiens
GENE-EXPRESSION-1	NM_013252.2	CLEC5A	23601	Homo sapiens
GENE-EXPRESSION-1	NM_001007033.1	CLEC6A	93978	Homo sapiens
GENE-EXPRESSION-1	NM_197954.2	CLEC7A	64581	Homo sapiens
GENE-EXPRESSION-1	NM_001831.2	CLU	1191	Homo sapiens
GENE-EXPRESSION-1	NM_001836.2	CMA1	1215	Homo sapiens
GENE-EXPRESSION-1	NM_004072.1	CMKLR1	1240	Homo sapiens
GENE-EXPRESSION-1	NM_000090.3	COL3A1	1281	Homo sapiens
GENE-EXPRESSION-1	NM_130386.2	COLEC12	81035	Homo sapiens
GENE-EXPRESSION-1	NM_000651.4	CR1	1378	Homo sapiens
GENE-EXPRESSION-1	NM_001006658.1	CR2	1380	Homo sapiens
GENE-EXPRESSION-1	NM_004379.3	CREB1	1385	Homo sapiens
GENE-EXPRESSION-1	NM_182898.2	CREB5	9586	Homo sapiens
GENE-EXPRESSION-1	NM_004380.2	CREBBP	1387	Homo sapiens
GENE-EXPRESSION-1	NM_000567.2	CRP	1401	Homo sapiens
GENE-EXPRESSION-1	NM_000757.4	CSF1	1435	Homo sapiens
GENE-EXPRESSION-1	NM_005211.2	CSF1R	1436	Homo sapiens
GENE-EXPRESSION-1	NM_000758.2	CSF2	1437	Homo sapiens
GENE-EXPRESSION-1	NM_000395.2	CSF2RB	1439	Homo sapiens
GENE-EXPRESSION-1	NM_000759.3	CSF3	1440	Homo sapiens
GENE-EXPRESSION-1	NM_156038.2	CSF3R	1441	Homo sapiens
GENE-EXPRESSION-1	NM_001017417.1	CT45A1	541466	Homo sapiens
GENE-EXPRESSION-1	NM_001327.2	CTAG1B	1485	Homo sapiens
GENE-EXPRESSION-1	NM_172241.2	CTAGE1	64693	Homo sapiens
GENE-EXPRESSION-1	NM_001269042.1	CTCFL	140690	Homo sapiens
GENE-EXPRESSION-1	NM_005214.3	CTLA4	1493	Homo sapiens
GENE-EXPRESSION-1	NM_001911.2	CTSG	1511	Homo sapiens
GENE-EXPRESSION-1	NM_004390.3	CTSH	1512	Homo sapiens
GENE-EXPRESSION-1	NM_001912.4	CTSL	1514	Homo sapiens
GENE-EXPRESSION-1	NM_004079.3	CTSS	1520	Homo sapiens
GENE-EXPRESSION-1	NM_001335.3	CTSW	1521	Homo sapiens
GENE-EXPRESSION-1	NM_002996.3	CX3CL1	6376	Homo sapiens
GENE-EXPRESSION-1	NM_001337.3	CX3CR1	1524	Homo sapiens
GENE-EXPRESSION-1	NM_001511.1	CXCL1	2919	Homo sapiens
GENE-EXPRESSION-1	NM_001565.1	CXCL10	3627	Homo sapiens
GENE-EXPRESSION-1	NM_005409.4	CXCL11	6373	Homo sapiens
GENE-EXPRESSION-1	NM_000609.5	CXCL12	6387	Homo sapiens
GENE-EXPRESSION-1	NM_006419.2	CXCL13	10563	Homo sapiens
GENE-EXPRESSION-1	NM_004887.4	CXCL14	9547	Homo sapiens
GENE-EXPRESSION-1	NM_001100812.1	CXCL16	58191	Homo sapiens
GENE-EXPRESSION-1	NM_002089.3	CXCL2	2920	Homo sapiens
GENE-EXPRESSION-1	NM_002090.2	CXCL3	2921	Homo sapiens
GENE-EXPRESSION-1	NM_002994.3	CXCL5	6374	Homo sapiens
GENE-EXPRESSION-1	NM_002993.3	CXCL6	6372	Homo sapiens
GENE-EXPRESSION-1	NM_002416.1	CXCL9	4283	Homo sapiens
GENE-EXPRESSION-1	NM_000634.2	CXCR1	3577	Homo sapiens
GENE-EXPRESSION-1	NM_001557.2	CXCR2	3579	Homo sapiens
GENE-EXPRESSION-1	NM_001504.1	CXCR3	2833	Homo sapiens
GENE-EXPRESSION-1	NM_003467.2	CXCR4	7852	Homo sapiens
GENE-EXPRESSION-1	NM_001716.3	CXCR5	643	Homo sapiens
GENE-EXPRESSION-1	NM_006564.1	CXCR6	10663	Homo sapiens
GENE-EXPRESSION-1	NM_000397.3	CYBB	1536	Homo sapiens
GENE-EXPRESSION-1	NM_001037332.2	CYFIP2	26999	Homo sapiens
GENE-EXPRESSION-1	NM_015247.1	CYLD	1540	Homo sapiens
GENE-EXPRESSION-1	NM_018665.2	DDX43	55510	Homo sapiens
GENE-EXPRESSION-1	NM_014314.3	DDX58	23586	Homo sapiens
GENE-EXPRESSION-1	NM_005218.3	DEFB1	1672	Homo sapiens
GENE-EXPRESSION-1	NM_007329.2	DMBT1	1755	Homo sapiens
GENE-EXPRESSION-1	NM_001130048.1	DOCK9	23348	Homo sapiens
GENE-EXPRESSION-1	NM_001935.3	DPP4	1803	Homo sapiens
GENE-EXPRESSION-1	NM_057158.2	DUSP4	1846	Homo sapiens
GENE-EXPRESSION-1	NM_001946.2	DUSP6	1848	Homo sapiens
GENE-EXPRESSION-1	NM_005755.2	EBI3	10148	Homo sapiens
GENE-EXPRESSION-1	NM_001142464.2	ECSIT	51295	Homo sapiens
GENE-EXPRESSION-1	NM_001964.2	EGR1	1958	Homo sapiens
GENE-EXPRESSION-1	NM_000399.3	EGR2	1959	Homo sapiens
GENE-EXPRESSION-1	NM_001972.2	ELANE	1991	Homo sapiens
GENE-EXPRESSION-1	NM_005229.3	ELK1	2002	Homo sapiens
GENE-EXPRESSION-1	NM_001114753.1	ENG	2022	Homo sapiens
GENE-EXPRESSION-1	NM_001098175.1	ENTPD1	953	Homo sapiens
GENE-EXPRESSION-1	NM_005442.2	EOMES	8320	Homo sapiens
GENE-EXPRESSION-1	NM_001429.2	EP300	2033	Homo sapiens
GENE-EXPRESSION-1	NM_002354.1	EPCAM	4072	Homo sapiens
GENE-EXPRESSION-1	NM_005238.3	ETS1	2113	Homo sapiens
GENE-EXPRESSION-1	NM_013986.3	EWSR1	2130	Homo sapiens
GENE-EXPRESSION-1	NM_000505.3	F12	2161	Homo sapiens
GENE-EXPRESSION-1	NM_000129.3	F13A1	2162	Homo sapiens
GENE-EXPRESSION-1	NM_005242.3	F2RL1	2150	Homo sapiens
GENE-EXPRESSION-1	NM_003824.2	FADD	8772	Homo sapiens
GENE-EXPRESSION-1	NM_000043.3	FAS	355	Homo sapiens
GENE-EXPRESSION-1	NM_002001.2	FCER1A	2205	Homo sapiens
GENE-EXPRESSION-1	NM_004106.1	FCER1G	2207	Homo sapiens
GENE-EXPRESSION-1	NM_002002.4	FCER2	2208	Homo sapiens
GENE-EXPRESSION-1	NM_000566.3	FCGR1A	2209	Homo sapiens
GENE-EXPRESSION-1	NM_021642.3	FCGR2A	2212	Homo sapiens
GENE-EXPRESSION-1	NM_001002273.1	FCGR2B	2213	Homo sapiens
GENE-EXPRESSION-1	NM_000569.6	FCGR3A	2214	Homo sapiens
GENE-EXPRESSION-1	NM_005103.4	FEZ1	9638	Homo sapiens
GENE-EXPRESSION-1	NM_004119.1	FLT3	2322	Homo sapiens
GENE-EXPRESSION-1	NM_001459.3	FLT3LG	2323	Homo sapiens
GENE-EXPRESSION-1	NM_212482.1	FN1	2335	Homo sapiens
GENE-EXPRESSION-1	NM_005252.2	FOS	2353	Homo sapiens
GENE-EXPRESSION-1	NM_001454.3	FOXJ1	2302	Homo sapiens
GENE-EXPRESSION-1	NM_014009.3	FOXP3	50943	Homo sapiens
GENE-EXPRESSION-1	NM_001462.3	FPR2	2358	Homo sapiens
GENE-EXPRESSION-1	NM_002034.2	FUT5	2527	Homo sapiens
GENE-EXPRESSION-1	NM_004479.3	FUT7	2529	Homo sapiens
GENE-EXPRESSION-1	NM_002037.3	FYN	2534	Homo sapiens
GENE-EXPRESSION-1	NM_001040663.2	GAGE1	2543	Homo sapiens
GENE-EXPRESSION-1	NM_001002295.1	GATA3	2625	Homo sapiens
GENE-EXPRESSION-1	NM_006433.2	GNLY	10578	Homo sapiens
GENE-EXPRESSION-1	NM_000175.2	GPI	2821	Homo sapiens
GENE-EXPRESSION-1	NM_004951.3	GPR183	1880	Homo sapiens
GENE-EXPRESSION-1	NM_001520.3	GTF3C1	2975	Homo sapiens
GENE-EXPRESSION-1	NM_006144.2	GZMA	3001	Homo sapiens
GENE-EXPRESSION-1	NM_004131.3	GZMB	3002	Homo sapiens
GENE-EXPRESSION-1	NM_033423.3	GZMH	2999	Homo sapiens
GENE-EXPRESSION-1	NM_002104.2	GZMK	3003	Homo sapiens
GENE-EXPRESSION-1	NM_005317.2	GZMM	3004	Homo sapiens
GENE-EXPRESSION-1	NM_021175.2	HAMP	57817	Homo sapiens
GENE-EXPRESSION-1	NM_032782.3	HAVCR2	84868	Homo sapiens
GENE-EXPRESSION-1	NM_002110.2	HCK	3055	Homo sapiens
GENE-EXPRESSION-1	NM_002112.3	HDC	3067	Homo sapiens
GENE-EXPRESSION-1	NM_002116.5	HLA-A	3105	Homo sapiens
GENE-EXPRESSION-1	NM_005514.6	HLA-B	3106	Homo sapiens
GENE-EXPRESSION-1	NM_002117.4	HLA-C	3107	Homo sapiens
GENE-EXPRESSION-1	NM_006120.3	HLA-DMA	3108	Homo sapiens
GENE-EXPRESSION-1	NM_002118.3	HLA-DMB	3109	Homo sapiens
GENE-EXPRESSION-1	NM_002120.3	HLA-DOB	3112	Homo sapiens
GENE-EXPRESSION-1	NM_033554.2	HLA-DPA1	3113	Homo sapiens
GENE-EXPRESSION-1	NM_002121.4	HLA-DPB1	3115	Homo sapiens
GENE-EXPRESSION-1	NM_002122.3	HLA-DQA1	3117	Homo sapiens
GENE-EXPRESSION-1	NM_002123.3	HLA-DQB1	3119	Homo sapiens
GENE-EXPRESSION-1	NM_019111.3	HLA-DRA	3122	Homo sapiens
GENE-EXPRESSION-1	NM_002124.3	HLA-DRB1	3123	Homo sapiens
GENE-EXPRESSION-1	NM_022555.3	HLA-DRB3	3125	Homo sapiens
GENE-EXPRESSION-1	NM_021983.4	HLA-DRB4	3126	Homo sapiens
GENE-EXPRESSION-1	NM_005516.4	HLA-E	3133	Homo sapiens
GENE-EXPRESSION-1	NM_002127.4	HLA-G	3135	Homo sapiens
GENE-EXPRESSION-1	NM_002128.4	HMGB1	3146	Homo sapiens
GENE-EXPRESSION-1	NM_014485.2	HPGDS	27306	Homo sapiens
GENE-EXPRESSION-1	NM_005343.2	HRAS	3265	Homo sapiens
GENE-EXPRESSION-1	NM_181755.1	HSD11B1	3290	Homo sapiens
GENE-EXPRESSION-1	NM_000201.2	ICAM1	3383	Homo sapiens
GENE-EXPRESSION-1	NM_000873.3	ICAM2	3384	Homo sapiens
GENE-EXPRESSION-1	NM_002162.3	ICAM3	3385	Homo sapiens
GENE-EXPRESSION-1	NM_001039132.1	ICAM4	3386	Homo sapiens
GENE-EXPRESSION-1	NM_012092.2	ICOS	29851	Homo sapiens
GENE-EXPRESSION-1	NM_015259.4	ICOSLG	23308	Homo sapiens
GENE-EXPRESSION-1	NM_002164.3	IDO1	3620	Homo sapiens
GENE-EXPRESSION-1	NM_005531.1	IFI16	3428	Homo sapiens
GENE-EXPRESSION-1	NM_005532.3	IFI27	3429	Homo sapiens
GENE-EXPRESSION-1	NM_005533.3	IFI35	3430	Homo sapiens
GENE-EXPRESSION-1	NM_022168.2	IFIH1	64135	Homo sapiens
GENE-EXPRESSION-1	NM_001548.3	IFIT1	3434	Homo sapiens
GENE-EXPRESSION-1	NM_001547.4	IFIT2	3433	Homo sapiens
GENE-EXPRESSION-1	NM_003641.3	IFITM1	8519	Homo sapiens
GENE-EXPRESSION-1	NM_006435.2	IFITM2	10581	Homo sapiens
GENE-EXPRESSION-1	NM_024013.1	IFNA1	3439	Homo sapiens
GENE-EXPRESSION-1	NM_021268.2	IFNA17	3451	Homo sapiens
GENE-EXPRESSION-1	NM_000605.3	IFNA2	3440	Homo sapiens
GENE-EXPRESSION-1	NM_021057.2	IFNA7	3444	Homo sapiens
GENE-EXPRESSION-1	NM_002170.3	IFNA8	3445	Homo sapiens
GENE-EXPRESSION-1	NM_000629.2	IFNAR1	3454	Homo sapiens
GENE-EXPRESSION-1	NM_000874.3	IFNAR2	3455	Homo sapiens
GENE-EXPRESSION-1	NM_002176.2	IFNB1	3456	Homo sapiens
GENE-EXPRESSION-1	NM_000619.2	IFNG	3458	Homo sapiens
GENE-EXPRESSION-1	NM_000416.1	IFNGR1	3459	Homo sapiens
GENE-EXPRESSION-1	NM_172140.1	IFNL1	282618	Homo sapiens
GENE-EXPRESSION-1	NM_172138.1	IFNL2	282616	Homo sapiens
GENE-EXPRESSION-1	NM_000875.2	IGF1R	3480	Homo sapiens
GENE-EXPRESSION-1	NM_000876.1	IGF2R	3482	Homo sapiens
GENE-EXPRESSION-1	NM_020070.2	IGLL1	3543	Homo sapiens
GENE-EXPRESSION-1	NM_001556.1	IKBKB	3551	Homo sapiens
GENE-EXPRESSION-1	NM_014002.2	IKBKE	9641	Homo sapiens
GENE-EXPRESSION-1	NM_003639.2	IKBKG	8517	Homo sapiens
GENE-EXPRESSION-1	NM_000572.2	IL10	3586	Homo sapiens
GENE-EXPRESSION-1	NM_001558.2	IL10RA	3587	Homo sapiens
GENE-EXPRESSION-1	NM_000641.2	IL11	3589	Homo sapiens
GENE-EXPRESSION-1	NM_147162.1	IL11RA	3590	Homo sapiens
GENE-EXPRESSION-1	NM_000882.2	IL12A	3592	Homo sapiens
GENE-EXPRESSION-1	NM_002187.2	IL12B	3593	Homo sapiens
GENE-EXPRESSION-1	NM_005535.1	IL12RB1	3594	Homo sapiens
GENE-EXPRESSION-1	NM_001559.2	IL12RB2	3595	Homo sapiens
GENE-EXPRESSION-1	NM_002188.2	IL13	3596	Homo sapiens
GENE-EXPRESSION-1	NM_001560.2	IL13RA1	3597	Homo sapiens
GENE-EXPRESSION-1	NM_000640.2	IL13RA2	3598	Homo sapiens
GENE-EXPRESSION-1	NM_172174.1	IL15	3600	Homo sapiens
GENE-EXPRESSION-1	NM_002189.2	IL15RA	3601	Homo sapiens
GENE-EXPRESSION-1	NM_004513.4	IL16	3603	Homo sapiens
GENE-EXPRESSION-1	NM_002190.2	IL17A	3605	Homo sapiens
GENE-EXPRESSION-1	NM_014443.2	IL17B	27190	Homo sapiens
GENE-EXPRESSION-1	NM_052872.3	IL17F	112744	Homo sapiens
GENE-EXPRESSION-1	NM_014339.6	IL17RA	23765	Homo sapiens
GENE-EXPRESSION-1	NM_018725.3	IL17RB	55540	Homo sapiens
GENE-EXPRESSION-1	NM_001562.2	IL18	3606	Homo sapiens
GENE-EXPRESSION-1	NM_003855.2	IL18R1	8809	Homo sapiens
GENE-EXPRESSION-1	NM_003853.2	IL18RAP	8807	Homo sapiens
GENE-EXPRESSION-1	NM_013371.3	IL19	29949	Homo sapiens
GENE-EXPRESSION-1	NM_000575.3	IL1A	3552	Homo sapiens
GENE-EXPRESSION-1	NM_000576.2	IL1B	3553	Homo sapiens
GENE-EXPRESSION-1	NM_000877.2	IL1R1	3554	Homo sapiens
GENE-EXPRESSION-1	NM_173343.1	IL1R2	7850	Homo sapiens
GENE-EXPRESSION-1	NM_002182.2	IL1RAP	3556	Homo sapiens
GENE-EXPRESSION-1	NM_017416.1	IL1RAPL2	26280	Homo sapiens
GENE-EXPRESSION-1	NM_016232.4	IL1RL1	9173	Homo sapiens
GENE-EXPRESSION-1	NM_003854.2	IL1RL2	8808	Homo sapiens
GENE-EXPRESSION-1	NM_000577.3	IL1RN	3557	Homo sapiens
GENE-EXPRESSION-1	NM_000586.2	IL2	3558	Homo sapiens
GENE-EXPRESSION-1	NM_021803.2	IL21	59067	Homo sapiens
GENE-EXPRESSION-1	NM_021798.2	IL21R	50615	Homo sapiens
GENE-EXPRESSION-1	NM_020525.4	IL22	50616	Homo sapiens
GENE-EXPRESSION-1	NM_021258.2	IL22RA1	58985	Homo sapiens
GENE-EXPRESSION-1	NM_181310.1	IL22RA2	116379	Homo sapiens
GENE-EXPRESSION-1	NM_016584.2	IL23A	51561	Homo sapiens
GENE-EXPRESSION-1	NM_144701.2	IL23R	149233	Homo sapiens
GENE-EXPRESSION-1	NM_181339.1	IL24	11009	Homo sapiens
GENE-EXPRESSION-1	NM_022789.2	IL25	64806	Homo sapiens
GENE-EXPRESSION-1	NM_018402.1	IL26	55801	Homo sapiens
GENE-EXPRESSION-1	NM_145659.3	IL27	246778	Homo sapiens
GENE-EXPRESSION-1	NM_000417.1	IL2RA	3559	Homo sapiens
GENE-EXPRESSION-1	NM_000878.2	IL2RB	3560	Homo sapiens
GENE-EXPRESSION-1	NM_000206.1	IL2RG	3561	Homo sapiens
GENE-EXPRESSION-1	NM_000588.3	IL3	3562	Homo sapiens
GENE-EXPRESSION-1	NM_001012633.1	IL32	9235	Homo sapiens
GENE-EXPRESSION-1	NM_152456.1	IL34	146433	Homo sapiens
GENE-EXPRESSION-1	NM_002183.2	IL3RA	3563	Homo sapiens
GENE-EXPRESSION-1	NM_000589.2	IL4	3565	Homo sapiens
GENE-EXPRESSION-1	NM_000418.2	IL4R	3566	Homo sapiens
GENE-EXPRESSION-1	NM_000879.2	IL5	3567	Homo sapiens
GENE-EXPRESSION-1	NM_000564.3	IL5RA	3568	Homo sapiens
GENE-EXPRESSION-1	NM_000600.1	IL6	3569	Homo sapiens
GENE-EXPRESSION-1	NM_000565.2	IL6R	3570	Homo sapiens
GENE-EXPRESSION-1	NM_002184.2	IL6ST	3572	Homo sapiens
GENE-EXPRESSION-1	NM_000880.2	IL7	3574	Homo sapiens
GENE-EXPRESSION-1	NM_002185.2	IL7R	3575	Homo sapiens
GENE-EXPRESSION-1	NM_000584.2	IL8	3576	Homo sapiens
GENE-EXPRESSION-1	NM_000590.1	IL9	3578	Homo sapiens
GENE-EXPRESSION-1	NM_001137673.1	ILF3	3609	Homo sapiens
GENE-EXPRESSION-1	NM_005541.3	INPP5D	3635	Homo sapiens
GENE-EXPRESSION-1	NM_001569.3	IRAK1	3654	Homo sapiens
GENE-EXPRESSION-1	NM_001570.3	IRAK2	3656	Homo sapiens
GENE-EXPRESSION-1	NM_016123.1	IRAK4	51135	Homo sapiens
GENE-EXPRESSION-1	NM_002198.1	IRF1	3659	Homo sapiens
GENE-EXPRESSION-1	NM_002199.3	IRF2	3660	Homo sapiens
GENE-EXPRESSION-1	NM_001571.5	IRF3	3661	Homo sapiens
GENE-EXPRESSION-1	NM_002460.1	IRF4	3662	Homo sapiens
GENE-EXPRESSION-1	NM_002200.3	IRF5	3663	Homo sapiens
GENE-EXPRESSION-1	NM_001572.3	IRF7	3665	Homo sapiens
GENE-EXPRESSION-1	NM_002163.2	IRF8	3394	Homo sapiens
GENE-EXPRESSION-1	NM_001145805.1	IRGM	345611	Homo sapiens
GENE-EXPRESSION-1	NM_005101.3	ISG15	9636	Homo sapiens
GENE-EXPRESSION-1	NM_002201.4	ISG20	3669	Homo sapiens
GENE-EXPRESSION-1	NM_001257138.1	ITCH	83737	Homo sapiens
GENE-EXPRESSION-1	NM_181501.1	ITGA1	3672	Homo sapiens
GENE-EXPRESSION-1	NM_002203.2	ITGA2	3673	Homo sapiens
GENE-EXPRESSION-1	NM_000419.3	ITGA2B	3674	Homo sapiens
GENE-EXPRESSION-1	NM_000885.4	ITGA4	3676	Homo sapiens
GENE-EXPRESSION-1	NM_002205.2	ITGA5	3678	Homo sapiens
GENE-EXPRESSION-1	NM_000210.1	ITGA6	3655	Homo sapiens
GENE-EXPRESSION-1	NM_002208.4	ITGAE	3682	Homo sapiens
GENE-EXPRESSION-1	NM_002209.2	ITGAL	3683	Homo sapiens
GENE-EXPRESSION-1	NM_000632.3	ITGAM	3684	Homo sapiens
GENE-EXPRESSION-1	NM_000887.3	ITGAX	3687	Homo sapiens
GENE-EXPRESSION-1	NM_033666.2	ITGB1	3688	Homo sapiens
GENE-EXPRESSION-1	NM_000211.2	ITGB2	3689	Homo sapiens
GENE-EXPRESSION-1	NM_000212.2	ITGB3	3690	Homo sapiens
GENE-EXPRESSION-1	NM_001005731.1	ITGB4	3691	Homo sapiens
GENE-EXPRESSION-1	NM_005546.3	ITK	3702	Homo sapiens
GENE-EXPRESSION-1	NM_002227.1	JAK1	3716	Homo sapiens
GENE-EXPRESSION-1	NM_004972.2	JAK2	3717	Homo sapiens
GENE-EXPRESSION-1	NM_000215.2	JAK3	3718	Homo sapiens
GENE-EXPRESSION-1	NM_032801.3	JAM3	83700	Homo sapiens
GENE-EXPRESSION-1	NM_013289.2	KIR3DL1	3811	Homo sapiens
GENE-EXPRESSION-1	NM_006737.2	KIR3DL2	3812	Homo sapiens
GENE-EXPRESSION-1	NM_153443.3	KIR3DL3	115653	Homo sapiens
GENE-EXPRESSION-1	NM_001083539.1	KIR_Activating_Subgroup_1		Homo sapiens
GENE-EXPRESSION-1	NM_014512.1	KIR_Activating_Subgroup_2		Homo sapiens
GENE-EXPRESSION-1	NM_014218.2	KIR_Inhibiting_Subgroup_1		Homo sapiens
GENE-EXPRESSION-1	NM_014511.3	KIR_Inhibiting_Subgroup_2		Homo sapiens
GENE-EXPRESSION-1	NM_000222.2	KIT	3815	Homo sapiens
GENE-EXPRESSION-1	NM_002258.2	KLRB1	3820	Homo sapiens
GENE-EXPRESSION-1	NM_002259.3	KLRC1	3821	Homo sapiens
GENE-EXPRESSION-1	NM_002260.3	KLRC2	3822	Homo sapiens
GENE-EXPRESSION-1	NM_002262.3	KLRD1	3824	Homo sapiens
GENE-EXPRESSION-1	NM_016523.1	KLRF1	51348	Homo sapiens
GENE-EXPRESSION-1	NM_005810.3	KLRG1	10219	Homo sapiens
GENE-EXPRESSION-1	NM_007360.3	KLRK1	22914	Homo sapiens
GENE-EXPRESSION-1	NM_002286.5	LAG3	3902	Homo sapiens
GENE-EXPRESSION-1	NM_002288.3	LAIR2	3904	Homo sapiens
GENE-EXPRESSION-1	NM_005561.3	LAMP1	3916	Homo sapiens
GENE-EXPRESSION-1	NM_001122606.1	LAMP2	3920	Homo sapiens
GENE-EXPRESSION-1	NM_014398.3	LAMP3	27074	Homo sapiens
GENE-EXPRESSION-1	NM_001014987.1	LAT	27040	Homo sapiens
GENE-EXPRESSION-1	NM_004139.2	LBP	3929	Homo sapiens
GENE-EXPRESSION-1	NM_005356.2	LCK	3932	Homo sapiens
GENE-EXPRESSION-1	NM_005564.3	LCN2	3934	Homo sapiens
GENE-EXPRESSION-1	NM_002298.4	LCP1	3936	Homo sapiens
GENE-EXPRESSION-1	NM_001177388.1	LGALS3	3958	Homo sapiens
GENE-EXPRESSION-1	NM_002308.3	LGALS9	3965	Homo sapiens
GENE-EXPRESSION-1	NM_002309.3	LIF	3976	Homo sapiens
GENE-EXPRESSION-1	NM_006863.1	LILRA1	11024	Homo sapiens
GENE-EXPRESSION-1	NM_012276.3	LILRA4	23547	Homo sapiens
GENE-EXPRESSION-1	NM_181879.2	LILRA5	353514	Homo sapiens
GENE-EXPRESSION-1	NM_001081637.1	LILRB1	10859	Homo sapiens
GENE-EXPRESSION-1	NM_005874.1	LILRB2	10288	Homo sapiens
GENE-EXPRESSION-1	NM_006864.2	LILRB3	11025	Homo sapiens
GENE-EXPRESSION-1	NM_002332.2	LRP1	4035	Homo sapiens
GENE-EXPRESSION-1	NM_001099660.1	LRRN3	54674	Homo sapiens
GENE-EXPRESSION-1	NM_007161.3	LST1	7940	Homo sapiens
GENE-EXPRESSION-1	NM_000595.2	LTA	4049	Homo sapiens
GENE-EXPRESSION-1	NM_002341.1	LTB	4050	Homo sapiens
GENE-EXPRESSION-1	NM_002342.1	LTBR	4055	Homo sapiens
GENE-EXPRESSION-1	NM_002343.2	LTF	4057	Homo sapiens
GENE-EXPRESSION-1	NM_001135685.1	LTK	4058	Homo sapiens
GENE-EXPRESSION-1	NM_004271.3	LY86	9450	Homo sapiens
GENE-EXPRESSION-1	NM_001033667.1	LY9	4063	Homo sapiens
GENE-EXPRESSION-1	NM_015364.2	LY96	23643	Homo sapiens
GENE-EXPRESSION-1	NM_002350.1	LYN	4067	Homo sapiens
GENE-EXPRESSION-1	NM_005360.4	MAF	4094	Homo sapiens
GENE-EXPRESSION-1	NM_004988.4	MAGEA1	4100	Homo sapiens
GENE-EXPRESSION-1	NM_001166386.1	MAGEA12	4111	Homo sapiens
GENE-EXPRESSION-1	NM_005362.3	MAGEA3	4102	Homo sapiens
GENE-EXPRESSION-1	NM_001011548.1	MAGEA4	4103	Homo sapiens
GENE-EXPRESSION-1	NM_002364.4	MAGEB2	4113	Homo sapiens
GENE-EXPRESSION-1	NM_005462.4	MAGEC1	9947	Homo sapiens
GENE-EXPRESSION-1	NM_016249.3	MAGEC2	51438	Homo sapiens
GENE-EXPRESSION-1	NM_002755.2	MAP2K1	5604	Homo sapiens
GENE-EXPRESSION-1	NM_030662.2	MAP2K2	5605	Homo sapiens
GENE-EXPRESSION-1	NM_003010.2	MAP2K4	6416	Homo sapiens
GENE-EXPRESSION-1	NM_005921.1	MAP3K1	4214	Homo sapiens
GENE-EXPRESSION-1	NM_005923.3	MAP3K5	4217	Homo sapiens
GENE-EXPRESSION-1	NM_145333.1	MAP3K7	6885	Homo sapiens
GENE-EXPRESSION-1	NM_004579.2	MAP4K2	5871	Homo sapiens
GENE-EXPRESSION-1	NM_138957.2	MAPK1	5594	Homo sapiens
GENE-EXPRESSION-1	NM_002751.5	MAPK11	5600	Homo sapiens
GENE-EXPRESSION-1	NM_001315.1	MAPK14	1432	Homo sapiens
GENE-EXPRESSION-1	NM_001040056.1	MAPK3	5595	Homo sapiens
GENE-EXPRESSION-1	NM_002750.2	MAPK8	5599	Homo sapiens
GENE-EXPRESSION-1	NM_004759.3	MAPKAPK2	9261	Homo sapiens
GENE-EXPRESSION-1	NM_006770.3	MARCO	8685	Homo sapiens
GENE-EXPRESSION-1	NM_139125.3	MASP1	5648	Homo sapiens
GENE-EXPRESSION-1	NM_139208.1	MASP2	10747	Homo sapiens
GENE-EXPRESSION-1	NM_020746.3	MAVS	57506	Homo sapiens
GENE-EXPRESSION-1	NM_000242.2	MBL2	4153	Homo sapiens
GENE-EXPRESSION-1	NM_006500.2	MCAM	4162	Homo sapiens
GENE-EXPRESSION-1	NM_002397.3	MEF2C	4208	Homo sapiens
GENE-EXPRESSION-1	NM_000243.2	MEFV	4210	Homo sapiens
GENE-EXPRESSION-1	NM_006343.2	MERTK	10461	Homo sapiens
GENE-EXPRESSION-1	NM_001114614.1	MFGE8	4240	Homo sapiens
GENE-EXPRESSION-1	NM_000247.1	MICA	100507436	Homo sapiens
GENE-EXPRESSION-1	NM_005931.3	MICB	4277	Homo sapiens
GENE-EXPRESSION-1	NM_002415.1	MIF	4282	Homo sapiens
GENE-EXPRESSION-1	NM_000902.2	MME	4311	Homo sapiens
GENE-EXPRESSION-1	NM_002426.3	MMP12	4321	Homo sapiens
GENE-EXPRESSION-1	NM_004994.2	MMP9	4318	Homo sapiens
GENE-EXPRESSION-1	NM_005515.3	MNX1	3110	Homo sapiens
GENE-EXPRESSION-1	NM_001044370.1	MPPED1	758	Homo sapiens
GENE-EXPRESSION-1	NM_001531.2	MR1	3140	Homo sapiens
GENE-EXPRESSION-1	NM_002438.2	MRC1	4360	Homo sapiens
GENE-EXPRESSION-1	NM_152866.2	MS4A1	931	Homo sapiens
GENE-EXPRESSION-1	NM_000139.3	MS4A2	2206	Homo sapiens
GENE-EXPRESSION-1	NM_002445.3	MSR1	4481	Homo sapiens
GENE-EXPRESSION-1	NM_002447.1	MST1R	4486	Homo sapiens
GENE-EXPRESSION-1	NM_001018017.1	MUC1	4582	Homo sapiens
GENE-EXPRESSION-1	NM_002462.2	MX1	4599	Homo sapiens
GENE-EXPRESSION-1	NM_002468.3	MYD88	4615	Homo sapiens
GENE-EXPRESSION-1	NM_000615.5	NCAM1	4684	Homo sapiens
GENE-EXPRESSION-1	NM_000433.3	NCF2	4688	Homo sapiens
GENE-EXPRESSION-1	NM_000631.4	NCF4	4689	Homo sapiens
GENE-EXPRESSION-1	NM_004829.5	NCR1	9437	Homo sapiens
GENE-EXPRESSION-1	NM_006158.3	NEFL	4747	Homo sapiens
GENE-EXPRESSION-1	NM_172389.1	NFATC1	4772	Homo sapiens
GENE-EXPRESSION-1	NM_012340.3	NFATC2	4773	Homo sapiens
GENE-EXPRESSION-1	NM_004555.2	NFATC3	4775	Homo sapiens
GENE-EXPRESSION-1	NM_001136022.2	NFATC4	4776	Homo sapiens
GENE-EXPRESSION-1	NM_003998.2	NFKB1	4790	Homo sapiens
GENE-EXPRESSION-1	NM_002502.2	NFKB2	4791	Homo sapiens
GENE-EXPRESSION-1	NM_020529.1	NFKBIA	4792	Homo sapiens
GENE-EXPRESSION-1	NM_005601.3	NKG7	4818	Homo sapiens
GENE-EXPRESSION-1	NM_032206.4	NLRC5	84166	Homo sapiens
GENE-EXPRESSION-1	NM_001079821.2	NLRP3	114548	Homo sapiens
GENE-EXPRESSION-1	NM_006092.1	NOD1	10392	Homo sapiens
GENE-EXPRESSION-1	NM_022162.1	NOD2	64127	Homo sapiens
GENE-EXPRESSION-1	NM_153292.1	NOS2A	4843	Homo sapiens
GENE-EXPRESSION-1	NM_017617.3	NOTCH1	4851	Homo sapiens
GENE-EXPRESSION-1	NM_015718.2	NOX3	50508	Homo sapiens
GENE-EXPRESSION-1	NM_017970.3	NRDEZ		Homo sapiens
GENE-EXPRESSION-1	NM_003873.5	NRP1	8829	Homo sapiens
GENE-EXPRESSION-1	NM_002526.2	NT5E	4907	Homo sapiens
GENE-EXPRESSION-1	NM_020401.2	NUP107	57122	Homo sapiens
GENE-EXPRESSION-1	NM_006187.2	OAS3	4940	Homo sapiens
GENE-EXPRESSION-1	NM_004152.2	OAZ1	4946	Homo sapiens
GENE-EXPRESSION-1	NM_020530.4	OSM	5008	Homo sapiens
GENE-EXPRESSION-1	NM_173493.2	PASD1	139135	Homo sapiens
GENE-EXPRESSION-1	NM_016734.1	PAX5	5079	Homo sapiens
GENE-EXPRESSION-1	NM_018492.2	PBK	55872	Homo sapiens
GENE-EXPRESSION-1	NM_005018.1	PDCD1	5133	Homo sapiens
GENE-EXPRESSION-1	NM_025239.3	PDCD1LG2	80380	Homo sapiens
GENE-EXPRESSION-1	NM_016205.2	PDGFC	56034	Homo sapiens
GENE-EXPRESSION-1	NM_002609.3	PDGFRB	5159	Homo sapiens
GENE-EXPRESSION-1	NM_000442.3	PECAM1	5175	Homo sapiens
GENE-EXPRESSION-1	NM_005026.3	PIK3CD	5293	Homo sapiens
GENE-EXPRESSION-1	NM_002649.2	PIK3CG	5294	Homo sapiens
GENE-EXPRESSION-1	NM_006221.2	PIN1	5300	Homo sapiens
GENE-EXPRESSION-1	NM_000928.2	PLA2G1B	5319	Homo sapiens
GENE-EXPRESSION-1	NM_001004426.1	PLA2G6	8398	Homo sapiens
GENE-EXPRESSION-1	NM_002658.2	PLAU	5328	Homo sapiens
GENE-EXPRESSION-1	NM_001005376.1	PLAUR	5329	Homo sapiens
GENE-EXPRESSION-1	NM_002674.2	PMCH	5367	Homo sapiens
GENE-EXPRESSION-1	NM_006029.4	PNMA1	9240	Homo sapiens
GENE-EXPRESSION-1	NM_006235.2	POU2AF1	5450	Homo sapiens
GENE-EXPRESSION-1	NM_002698.2	POU2F2	5452	Homo sapiens
GENE-EXPRESSION-1	NM_015869.3	PPARG	5468	Homo sapiens
GENE-EXPRESSION-1	NM_002704.2	PPBP	5473	Homo sapiens
GENE-EXPRESSION-1	NM_006115.3	PRAME	23532	Homo sapiens
GENE-EXPRESSION-1	NM_005041.3	PRF1	5551	Homo sapiens
GENE-EXPRESSION-1	NM_002728.4	PRG2	5553	Homo sapiens
GENE-EXPRESSION-1	NM_006254.3	PRKCD	5580	Homo sapiens
GENE-EXPRESSION-1	NM_005400.2	PRKCE	5581	Homo sapiens
GENE-EXPRESSION-1	NM_002761.2	PRM1	5619	Homo sapiens
GENE-EXPRESSION-1	NM_000021.2	PSEN1	5663	Homo sapiens
GENE-EXPRESSION-1	NM_000447.2	PSEN2	5664	Homo sapiens
GENE-EXPRESSION-1	NM_002801.2	PSMB10	5699	Homo sapiens
GENE-EXPRESSION-1	NM_002799.2	PSMB7	5695	Homo sapiens
GENE-EXPRESSION-1	NM_004159.4	PSMB8	5696	Homo sapiens
GENE-EXPRESSION-1	NM_002800.4	PSMB9	5698	Homo sapiens
GENE-EXPRESSION-1	NM_002811.3	PSMD7	5713	Homo sapiens
GENE-EXPRESSION-1	NM_000953.2	PTGDR	5729	Homo sapiens
GENE-EXPRESSION-1	NM_004778.1	PTGDR2	11251	Homo sapiens
GENE-EXPRESSION-1	NM_000956.2	PTGER2	5732	Homo sapiens
GENE-EXPRESSION-1	NM_000963.1	PTGS2	5743	Homo sapiens
GENE-EXPRESSION-1	NM_080921.3	PTPRC	5788	Homo sapiens
GENE-EXPRESSION-1	NM_006505.3	PVR	5817	Homo sapiens
GENE-EXPRESSION-1	NM_013258.3	PYCARD	29108	Homo sapiens
GENE-EXPRESSION-1	NM_000448.2	RAG1	5896	Homo sapiens
GENE-EXPRESSION-1	NM_002908.2	REL	5966	Homo sapiens
GENE-EXPRESSION-1	NM_021975.2	RELA	5970	Homo sapiens
GENE-EXPRESSION-1	NM_006509.2	RELB	5971	Homo sapiens
GENE-EXPRESSION-1	NM_001128617.2	REPS1	85021	Homo sapiens
GENE-EXPRESSION-1	NM_002922.3	RGS1	5996	Homo sapiens
GENE-EXPRESSION-1	NM_003821.5	RIPK2	8767	Homo sapiens
GENE-EXPRESSION-1	NM_017578.2	ROPN1	54763	Homo sapiens
GENE-EXPRESSION-1	NM_134261.2	RORA	6095	Homo sapiens
GENE-EXPRESSION-1	NM_001001523.1	RORC	6097	Homo sapiens
GENE-EXPRESSION-1	NM_001010.2	RPS6	6194	Homo sapiens
GENE-EXPRESSION-1	NM_004165.1	RRAD	6236	Homo sapiens
GENE-EXPRESSION-1	NM_001754.4	RUNX1	861	Homo sapiens
GENE-EXPRESSION-1	NM_004350.1	RUNX3	864	Homo sapiens
GENE-EXPRESSION-1	NM_005621.1	S100A12	6283	Homo sapiens
GENE-EXPRESSION-1	NM_002963.2	S100A7	6278	Homo sapiens
GENE-EXPRESSION-1	NM_002964.3	S100A8	6279	Homo sapiens
GENE-EXPRESSION-1	NM_006272.1	S100B	6285	Homo sapiens
GENE-EXPRESSION-1	NM_199161.1	SAA1	6288	Homo sapiens
GENE-EXPRESSION-1	NM_014963.2	SBNO2	22904	Homo sapiens
GENE-EXPRESSION-1	NM_000450.2	SELE	6401	Homo sapiens
GENE-EXPRESSION-1	NR_029467.1	SELL	6402	Homo sapiens
GENE-EXPRESSION-1	NM_001206609.1	SELPLG	6404	Homo sapiens
GENE-EXPRESSION-1	NM_003007.2	SEMG1	6406	Homo sapiens
GENE-EXPRESSION-1	NM_002575.1	SERPINB2	5055	Homo sapiens
GENE-EXPRESSION-1	NM_000062.2	SERPING1	710	Homo sapiens
GENE-EXPRESSION-1	NM_020979.3	SH2B2	10603	Homo sapiens
GENE-EXPRESSION-1	NM_001114937.2	SH2D1A	4068	Homo sapiens
GENE-EXPRESSION-1	NM_053282.4	SH2D1B	117157	Homo sapiens
GENE-EXPRESSION-1	NM_021805.2	SIGIRR	59307	Homo sapiens
GENE-EXPRESSION-1	NM_023068.3	SIGLEC1	6614	Homo sapiens
GENE-EXPRESSION-1	NM_003037.2	SLAMF1	6504	Homo sapiens
GENE-EXPRESSION-1	NM_001184714.1	SLAMF6	114836	Homo sapiens
GENE-EXPRESSION-1	NM_021181.3	SLAMF7	57823	Homo sapiens
GENE-EXPRESSION-1	NM_000578.2	SLC11A1	6556	Homo sapiens
GENE-EXPRESSION-1	NM_005901.5	SMAD2	4087	Homo sapiens
GENE-EXPRESSION-1	NM_005902.3	SMAD3	4088	Homo sapiens
GENE-EXPRESSION-1	NM_018667.3	SMPD3	55512	Homo sapiens
GENE-EXPRESSION-1	NM_003745.1	SOCS1	8651	Homo sapiens
GENE-EXPRESSION-1	NM_017425.3	SPA17	53340	Homo sapiens
GENE-EXPRESSION-1	NM_173847.3	SPACA3	124912	Homo sapiens
GENE-EXPRESSION-1	NM_032461.2	SPANXB1	728695	Homo sapiens
GENE-EXPRESSION-1	NM_006846.3	SPINK5	11005	Homo sapiens
GENE-EXPRESSION-1	NM_003123.3	SPN	6693	Homo sapiens
GENE-EXPRESSION-1	NM_198265.1	SPO11	23626	Homo sapiens
GENE-EXPRESSION-1	NM_000582.2	SPP1	6696	Homo sapiens
GENE-EXPRESSION-1	NM_005635.2	SSX1	6756	Homo sapiens
GENE-EXPRESSION-1	NM_005636.3	SSX4	6759	Homo sapiens
GENE-EXPRESSION-1	NM_003032.2	ST6GAL1	6480	Homo sapiens
GENE-EXPRESSION-1	NM_007315.2	STAT1	6772	Homo sapiens
GENE-EXPRESSION-1	NM_005419.2	STAT2	6773	Homo sapiens
GENE-EXPRESSION-1	NM_139276.2	STAT3	6774	Homo sapiens
GENE-EXPRESSION-1	NM_003151.2	STAT4	6775	Homo sapiens
GENE-EXPRESSION-1	NM_012448.3	STAT5B	6777	Homo sapiens
GENE-EXPRESSION-1	NM_003153.3	STAT6	6778	Homo sapiens
GENE-EXPRESSION-1	NM_052902.2	STK11P		Homo sapiens
GENE-EXPRESSION-1	NM_003176.2	SYCP1	6847	Homo sapiens
GENE-EXPRESSION-1	NM_003177.3	SYK	6850	Homo sapiens
GENE-EXPRESSION-1	NM_016524.2	SYT17	51760	Homo sapiens
GENE-EXPRESSION-1	NM_153497.2	TAB1	10454	Homo sapiens
GENE-EXPRESSION-1	NM_003189.2	TAL1	6886	Homo sapiens
GENE-EXPRESSION-1	NM_004180.2	TANK	10010	Homo sapiens
GENE-EXPRESSION-1	NM_000593.5	TAP1	6890	Homo sapiens
GENE-EXPRESSION-1	NM_000544.3	TAP2	6891	Homo sapiens
GENE-EXPRESSION-1	NM_003190.4	TAPBP	6892	Homo sapiens
GENE-EXPRESSION-1	NM_001003799.1	TARP	445347	Homo sapiens
GENE-EXPRESSION-1	NM_015527.3	TBC1D10B	26000	Homo sapiens
GENE-EXPRESSION-1	NM_013254.2	TBK1	29110	Homo sapiens
GENE-EXPRESSION-1	NM_013351.1	TBX21	30009	Homo sapiens
GENE-EXPRESSION-1	NM_003202.2	TCF7	6932	Homo sapiens
GENE-EXPRESSION-1	NM_006521.3	TFE3	7030	Homo sapiens
GENE-EXPRESSION-1	NM_007162.2	TFEB	7942	Homo sapiens
GENE-EXPRESSION-1	NM_003234.1	TFRC	7037	Homo sapiens
GENE-EXPRESSION-1	NM_000660.3	TGFB1	7040	Homo sapiens
GENE-EXPRESSION-1	NM_003238.2	TGFB2	7042	Homo sapiens
GENE-EXPRESSION-1	NM_000361.2	THBD	7056	Homo sapiens
GENE-EXPRESSION-1	NM_003246.2	THBS1	7057	Homo sapiens
GENE-EXPRESSION-1	NM_006288.2	THY1	7070	Homo sapiens
GENE-EXPRESSION-1	NM_014261.1	TICAM1	148022	Homo sapiens
GENE-EXPRESSION-1	NM_021649.4	TICAM2	353376	Homo sapiens
GENE-EXPRESSION-1	NM_173799.2	TIGIT	201633	Homo sapiens
GENE-EXPRESSION-1	NM_148910.2	TIRAP	114609	Homo sapiens
GENE-EXPRESSION-1	NM_003263.3	TLR1	7096	Homo sapiens
GENE-EXPRESSION-1	NM_030956.2	TLR10	81793	Homo sapiens
GENE-EXPRESSION-1	NM_003264.3	TLR2	7097	Homo sapiens
GENE-EXPRESSION-1	NM_003265.2	TLR3	7098	Homo sapiens
GENE-EXPRESSION-1	NM_138554.2	TLR4	7099	Homo sapiens
GENE-EXPRESSION-1	NM_003268.3	TLR5	7100	Homo sapiens
GENE-EXPRESSION-1	NM_006068.2	TLR6	10333	Homo sapiens
GENE-EXPRESSION-1	NM_016562.3	TLR7	51284	Homo sapiens
GENE-EXPRESSION-1	NM_016610.2	TLR8	51311	Homo sapiens
GENE-EXPRESSION-1	NM_017442.2	TLR9	54106	Homo sapiens
GENE-EXPRESSION-1	NM_016192.2	TMEFF2	23671	Homo sapiens
GENE-EXPRESSION-1	NM_000594.2	TNF	7124	Homo sapiens
GENE-EXPRESSION-1	NM_006290.2	TNFAIP3	7128	Homo sapiens
GENE-EXPRESSION-1	NM_007115.2	TNFAIP6	7130	Homo sapiens
GENE-EXPRESSION-1	NM_003842.3	TNFRSF10B	8795	Homo sapiens
GENE-EXPRESSION-1	NM_003841.3	TNFRSF10C	8794	Homo sapiens
GENE-EXPRESSION-1	NM_003839.2	TNFRSF11A	8792	Homo sapiens
GENE-EXPRESSION-1	NM_002546.2	TNFRSF11B	4982	Homo sapiens
GENE-EXPRESSION-1	NM_016639.1	TNFRSF12A	51330	Homo sapiens
GENE-EXPRESSION-1	NM_012452.2	TNFRSF13B	23495	Homo sapiens
GENE-EXPRESSION-1	NM_052945.3	TNFRSF13C	115650	Homo sapiens
GENE-EXPRESSION-1	NM_003820.2	TNFRSF14	8764	Homo sapiens
GENE-EXPRESSION-1	NM_001192.2	TNFRSF17	608	Homo sapiens
GENE-EXPRESSION-1	NM_004195.2	TNFRSF18	8784	Homo sapiens
GENE-EXPRESSION-1	NM_001065.2	TNFRSF1A	7132	Homo sapiens
GENE-EXPRESSION-1	NM_001066.2	TNFRSF1B	7133	Homo sapiens
GENE-EXPRESSION-1	NM_003327.2	TNFRSF4	7293	Homo sapiens
GENE-EXPRESSION-1	NM_152942.2	TNFRSF8	943	Homo sapiens
GENE-EXPRESSION-1	NM_001561.4	TNFRSF9	3604	Homo sapiens
GENE-EXPRESSION-1	NM_003810.2	TNFSF10	8743	Homo sapiens
GENE-EXPRESSION-1	NM_003701.2	TNFSF11	8600	Homo sapiens
GENE-EXPRESSION-1	NM_003809.2	TNFSF12	8742	Homo sapiens
GENE-EXPRESSION-1	NM_003808.3	TNFSF13	8741	Homo sapiens
GENE-EXPRESSION-1	NM_006573.4	TNFSF13B	10673	Homo sapiens
GENE-EXPRESSION-1	NM_003807.3	TNFSF14	8740	Homo sapiens
GENE-EXPRESSION-1	NM_001204344.1	TNFSF15	9966	Homo sapiens
GENE-EXPRESSION-1	NM_005092.2	TNFSF18	8995	Homo sapiens
GENE-EXPRESSION-1	NM_003326.2	TNFSF4	7292	Homo sapiens
GENE-EXPRESSION-1	NM_001244.3	TNFSF8	944	Homo sapiens
GENE-EXPRESSION-1	NM_019009.2	TOLLIP	54472	Homo sapiens
GENE-EXPRESSION-1	NM_000546.2	TP53	7157	Homo sapiens
GENE-EXPRESSION-1	NM_003294.3	TPSAB1	7177	Homo sapiens
GENE-EXPRESSION-1	NM_199259.2	TPTE	7179	Homo sapiens
GENE-EXPRESSION-1	NM_021138.3	TRAF2	7186	Homo sapiens
GENE-EXPRESSION-1	NM_145725.1	TRAF3	7187	Homo sapiens
GENE-EXPRESSION-1	NM_145803.1	TRAF6	7189	Homo sapiens
GENE-EXPRESSION-1	NM_018643.3	TREM1	54210	Homo sapiens
GENE-EXPRESSION-1	NM_018965.3	TREM2	54209	Homo sapiens
GENE-EXPRESSION-1	NM_003318.3	TTK	7272	Homo sapiens
GENE-EXPRESSION-1	NM_003328.1	TXK	7294	Homo sapiens
GENE-EXPRESSION-1	NM_006472.1	TXNIP	10628	Homo sapiens
GENE-EXPRESSION-1	NM_003331.3	TYK2	7297	Homo sapiens
GENE-EXPRESSION-1	NM_018955.3	UBB	7314	Homo sapiens
GENE-EXPRESSION-1	NM_021009.3	UBC	7316	Homo sapiens
GENE-EXPRESSION-1	NM_025217.2	ULBP2	80328	Homo sapiens
GENE-EXPRESSION-1	NM_004654.3	USP9Y	8287	Homo sapiens
GENE-EXPRESSION-1	NM_001078.3	VCAM1	7412	Homo sapiens
GENE-EXPRESSION-1	NM_001025366.1	VEGFA	7422	Homo sapiens
GENE-EXPRESSION-1	NM_005429.2	VEGFC	7424	Homo sapiens
GENE-EXPRESSION-1	NM_001013661.1	VSIG8	391123	Homo sapiens
GENE-EXPRESSION-1	NM_022153.1	VSIR	64115	Homo sapiens
GENE-EXPRESSION-1	NM_003175.3	XCL2	6846	Homo sapiens
GENE-EXPRESSION-1	NM_005283.2	XCR1	2829	Homo sapiens
GENE-EXPRESSION-1	NM_001172828.1	YTHDF2	51441	Homo sapiens
GENE-EXPRESSION-1	NM_001079.3	ZAP70	7535	Homo sapiens
GENE-EXPRESSION-1	NM_001031686.1	ZNF205	7755	Homo sapiens
GENE-EXPRESSION-1	NM_001090.2	ABCF1	23	Homo sapiens
GENE-EXPRESSION-1	NM_018238.3	AGK	55750	Homo sapiens
GENE-EXPRESSION-1	NM_000688.4	ALAS1	211	Homo sapiens
GENE-EXPRESSION-1	NM_001199140.1	AMMECR1L	83607	Homo sapiens
GENE-EXPRESSION-1	NM_032449.2	CC2D1B	200014	Homo sapiens
GENE-EXPRESSION-1	NM_001256741.1	CNOT10	25904	Homo sapiens
GENE-EXPRESSION-1	NM_001190848.1	CNOT4	4850	Homo sapiens
GENE-EXPRESSION-1	NM_153603.3	COG7	91949	Homo sapiens
GENE-EXPRESSION-1	NM_024045.1	DDX50	79009	Homo sapiens
GENE-EXPRESSION-1	NM_001164239.1	DHX16	8449	Homo sapiens
GENE-EXPRESSION-1	NM_032364.5	DNAJC14	85406	Homo sapiens
GENE-EXPRESSION-1	NM_001142443.1	EDC3	80153	Homo sapiens
GENE-EXPRESSION-1	NM_172195.3	EIF2B4	8890	Homo sapiens
GENE-EXPRESSION-1	NM_000122.1	ERCC3	2071	Homo sapiens
GENE-EXPRESSION-1	NM_015962.4	FCF1	51077	Homo sapiens
GENE-EXPRESSION-1	NM_000402.2	G6PD	2539	Homo sapiens
GENE-EXPRESSION-1	NM_022078.2	GPATCH3	63906	Homo sapiens
GENE-EXPRESSION-1	NM_000181.1	GUSB	2990	Homo sapiens
GENE-EXPRESSION-1	NM_003883.2	HDAC3	8841	Homo sapiens
GENE-EXPRESSION-1	NM_000194.1	HPRT1	3251	Homo sapiens
GENE-EXPRESSION-1	NM_031902.3	MRPS5	64969	Homo sapiens
GENE-EXPRESSION-1	NM_022485.3	MTMR14	64419	Homo sapiens
GENE-EXPRESSION-1	NM_016167.3	NOL7	51406	Homo sapiens
GENE-EXPRESSION-1	NM_001278506.1	NUBP1	4682	Homo sapiens
GENE-EXPRESSION-1	NM_000937.2	POLR2A	5430	Homo sapiens
GENE-EXPRESSION-1	NM_021130.2	PPIA	5478	Homo sapiens
GENE-EXPRESSION-1	NM_032864.3	PRPF38A	84950	Homo sapiens
GENE-EXPRESSION-1	NM_024545.3	SAP130	79595	Homo sapiens
GENE-EXPRESSION-1	NM_004168.1	SDHA	6389	Homo sapiens
GENE-EXPRESSION-1	NM_006802.2	SF3A3	10946	Homo sapiens
GENE-EXPRESSION-1	NM_001172085.1	TBP	6908	Homo sapiens
GENE-EXPRESSION-1	NM_006852.2	TLK2	11011	Homo sapiens
GENE-EXPRESSION-1	NM_024107.2	TMUB2	79089	Homo sapiens
GENE-EXPRESSION-1	NM_021253.3	TRIM39	56658	Homo sapiens
GENE-EXPRESSION-1	NM_178014.2	TUBB	203068	Homo sapiens
GENE-EXPRESSION-1	NM_001256725.1	USP39	10713	Homo sapiens
GENE-EXPRESSION-1	NM_001160103.1	ZC3H14	79882	Homo sapiens
GENE-EXPRESSION-1	NM_014569.3	ZKSCAN5	23660	Homo sapiens
GENE-EXPRESSION-1	NM_003442.5	ZNF143	7702	Homo sapiens
GENE-EXPRESSION-1	NM_012279.2	ZNF346	23567	Homo sapiens
